wavelength_m,real_chi_or_n,imag_chi_or_n
1.000178068870051206e-07,1.000450521691378380e+00,1.627456575554922351e-04
1.009855901562597482e-07,1.000436708186292822e+00,1.677787789980030313e-04
1.019533734255143625e-07,1.000424763793585914e+00,1.728771860270807755e-04
1.029211566947689901e-07,1.000413721067658024e+00,1.780423533561237672e-04
1.038889399640236177e-07,1.000408772430339877e+00,1.832758228117744941e-04
1.048567232332782453e-07,1.000397031668458281e+00,1.885723250915943199e-04
1.058245065025328596e-07,1.000390271620832383e+00,1.939379999433144398e-04
1.067922897717874872e-07,1.000392713752395357e+00,1.993669869423287538e-04
1.077600730410421148e-07,1.000384619379907747e+00,2.048652615087655812e-04
1.087278563102967424e-07,1.000379329289413866e+00,2.104262953685125744e-04
1.096956395795513567e-07,1.000370459185238481e+00,2.160571282208709816e-04
1.106634228488059843e-07,1.000340809887095617e+00,2.715741252288454265e-04
1.116312061180606119e-07,1.000399113793941863e+00,2.828026611037374755e-04
1.125989893873152395e-07,1.000434382665175370e+00,2.734922042181189947e-04
1.135667726565698538e-07,1.000488254046490555e+00,2.469957433683692637e-04
1.145345559258244814e-07,1.000462419741794173e+00,1.770068981053399130e-04
1.155023391950791090e-07,1.000402660348812978e+00,1.137147919610002406e-04
1.164701224643337233e-07,1.000298510122329843e+00,1.581903409321582389e-04
1.174379057335883509e-07,1.000304739230639672e+00,1.847941024964289125e-04
1.184056890028429785e-07,1.000225539422441745e+00,2.131104247796117919e-04
1.193734722720975928e-07,1.000139999906593413e+00,3.237472663547592551e-04
1.203412555413522336e-07,1.000149727987752479e+00,5.044554945049649786e-04
1.213090388106068480e-07,1.000305088242888552e+00,7.038353400801565128e-04
1.222768220798614623e-07,1.000587477283530813e+00,6.684453058761571269e-04
1.232446053491161032e-07,1.000841945480686723e+00,5.046261268682961315e-04
1.242123886183707175e-07,1.000786049743707551e+00,2.318024177219969945e-04
1.251801718876253583e-07,1.000672184405979159e+00,1.542031742215246317e-04
1.261479551568799727e-07,1.000590673345861159e+00,1.270099896558684618e-04
1.271157384261345870e-07,1.000523746803010372e+00,1.189891224886896373e-04
1.280835216953892278e-07,1.000458273114939400e+00,1.249661600536560206e-04
1.290513049646438422e-07,1.000404462061472266e+00,1.515798249633696639e-04
1.300190882338984830e-07,1.000335344904323964e+00,2.496612282620176660e-04
1.309868715031530973e-07,1.000436827133307727e+00,3.341383098702849132e-04
1.319546547724077117e-07,1.000478799413442310e+00,3.530141115274393207e-04
1.329224380416623260e-07,1.000481301240611076e+00,3.872080954399646844e-04
1.338902213109169668e-07,1.000564195171732118e+00,4.181552080844069342e-04
1.348580045801715812e-07,1.000686076184702955e+00,4.018498467787110276e-04
1.358257878494262220e-07,1.000755444930983451e+00,3.383118829128016741e-04
1.367935711186808363e-07,1.000750036469610915e+00,1.838045491723151032e-04
1.377613543879354507e-07,1.000696429337212479e+00,1.460057436129157593e-04
1.387291376571900915e-07,1.000659606810545998e+00,1.256927208715185945e-04
1.396969209264447059e-07,1.000628629852208684e+00,1.218147423967163369e-04
1.406647041956993467e-07,1.000615664652098724e+00,1.212262157820308148e-04
1.416324874649539610e-07,1.000608006533705518e+00,1.190050723273876939e-04
1.426002707342085754e-07,1.000601680900801371e+00,1.162447105263019186e-04
1.435680540034631897e-07,1.000598603093072914e+00,1.113977794857712355e-04
1.445358372727178305e-07,1.000595279790712944e+00,1.061291902067333659e-04
1.455036205419724449e-07,1.000592459606535201e+00,9.842874445449983640e-05
1.464714038112270857e-07,1.000590607128296838e+00,9.102137679504233262e-05
1.474391870804817000e-07,1.000586483480126798e+00,8.334112670470366854e-05
1.484069703497363144e-07,1.000579450619863087e+00,7.514028336077203680e-05
1.493747536189909552e-07,1.000573966384459279e+00,6.692859810143625041e-05
1.503425368882455695e-07,1.000566163298629796e+00,6.068231559052909157e-05
1.513103201575002104e-07,1.000558898056225665e+00,5.517242984551469812e-05
1.522781034267548247e-07,1.000551449188241682e+00,5.141110089382694339e-05
1.532458866960094390e-07,1.000543685718420672e+00,4.758028888351492359e-05
1.542136699652640534e-07,1.000537199511510211e+00,4.490313350685628657e-05
1.551814532345186942e-07,1.000532356364455921e+00,4.134583855332739366e-05
1.561492365037733086e-07,1.000525647688352171e+00,3.661050850946606530e-05
1.571170197730279494e-07,1.000519127584115653e+00,3.529220821533575421e-05
1.580848030422825637e-07,1.000512746756262894e+00,3.162916605512472700e-05
1.590525863115371781e-07,1.000505210845426207e+00,2.934759601490741641e-05
1.600203695807918189e-07,1.000498870292316544e+00,2.941286515738891495e-05
1.609881528500464332e-07,1.000492423173849899e+00,2.781993449515295775e-05
1.619559361193010740e-07,1.000484777859682373e+00,2.776693442400008174e-05
1.629237193885556884e-07,1.000478650919233381e+00,3.020920161870979000e-05
1.638915026578103027e-07,1.000476260188463806e+00,3.063652546435449231e-05
1.648592859270649171e-07,1.000470807673142115e+00,3.099804435339198206e-05
1.658270691963195579e-07,1.000467682200802733e+00,3.195321345515004374e-05
1.667948524655741987e-07,1.000464541976554989e+00,3.277358852148557275e-05
1.677626357348288131e-07,1.000461245700933421e+00,3.364012869933369121e-05
1.687304190040834274e-07,1.000459068978220234e+00,3.346692066274067304e-05
1.696982022733380418e-07,1.000456792291610997e+00,3.324005094505077016e-05
1.706659855425926826e-07,1.000454291332932844e+00,3.301959563691863648e-05
1.716337688118472969e-07,1.000451304391788199e+00,3.252032505014092444e-05
1.726015520811019377e-07,1.000448310240395822e+00,3.218550719476497837e-05
1.735693353503565521e-07,1.000446330580695209e+00,3.231211449214184650e-05
1.745371186196111664e-07,1.000444176021813236e+00,3.203998825410408238e-05
1.755049018888657808e-07,1.000441941795780165e+00,3.089456189952380323e-05
1.764726851581204216e-07,1.000438737480455753e+00,3.008722266766046871e-05
1.774404684273750624e-07,1.000436580551086863e+00,2.915301577616512385e-05
1.784082516966296767e-07,1.000433313627265175e+00,2.812154318816202596e-05
1.793760349658842911e-07,1.000429437818431078e+00,2.745061119587834550e-05
1.803438182351389054e-07,1.000426924197846734e+00,2.718854365126052602e-05
1.813116015043935463e-07,1.000424750037845145e+00,2.671438505758492695e-05
1.822793847736481606e-07,1.000421479456961027e+00,2.610585121166599781e-05
1.832471680429028014e-07,1.000419488397616741e+00,2.587180993232515331e-05
1.842149513121574158e-07,1.000416214035945606e+00,2.501832421134702567e-05
1.851827345814120301e-07,1.000413566681990218e+00,2.381221271727058798e-05
1.861505178506666445e-07,1.000410842275424761e+00,2.232436019156411398e-05
1.871183011199212853e-07,1.000406435569028751e+00,2.151784418387356956e-05
1.880860843891759261e-07,1.000403312132896350e+00,2.084157838529755114e-05
1.890538676584305404e-07,1.000400100112751378e+00,2.019521957336393867e-05
1.900216509276851548e-07,1.000396902068667604e+00,1.909301272249396862e-05
1.909894341969397691e-07,1.000392673356865991e+00,1.839287335246733054e-05
1.919572174661944099e-07,1.000388208198566664e+00,1.811392643301913699e-05
1.929250007354490243e-07,1.000385148068272612e+00,1.708298923157862702e-05
1.938927840047036651e-07,1.000381189858056796e+00,1.580662039070525663e-05
1.948605672739582794e-07,1.000375468975633453e+00,1.419784763829433553e-05
1.958283505432128938e-07,1.000369993569216076e+00,1.456836563297658493e-05
1.967961338124675081e-07,1.000365848642880362e+00,1.479912665106632830e-05
1.977639170817221490e-07,1.000361381528753535e+00,1.451046964890582999e-05
1.987317003509767898e-07,1.000356152612678073e+00,1.423933178495105736e-05
1.996994836202314041e-07,1.000350112225084187e+00,1.400823035030290763e-05
2.006672668894860185e-07,1.000344223213568418e+00,1.488927778163102142e-05
2.016350501587406328e-07,1.000340184470122740e+00,1.545380303633255589e-05
2.026028334279952736e-07,1.000333638410224602e+00,1.555232866141220926e-05
2.035706166972499144e-07,1.000328127842058157e+00,1.649064458551706573e-05
2.045383999665045288e-07,1.000321677175379342e+00,1.770268334520156163e-05
2.055061832357591431e-07,1.000316267294587780e+00,1.817907830889612425e-05
2.064739665050137575e-07,1.000308899942202068e+00,1.901856584927444588e-05
2.074417497742683983e-07,1.000302543161162516e+00,2.106848537598541183e-05
2.084095330435230126e-07,1.000296046836445463e+00,2.291680072701185878e-05
2.093773163127776535e-07,1.000289621357066894e+00,2.456430439092934979e-05
2.103450995820322678e-07,1.000281517475718029e+00,2.696072087009281846e-05
2.113128828512868822e-07,1.000274671863512266e+00,2.962473428549367203e-05
2.122806661205414965e-07,1.000268181802784317e+00,3.304918128352803976e-05
2.132484493897961373e-07,1.000266034158620032e+00,3.419924558746234252e-05
2.142162326590507781e-07,1.000250949831837932e+00,3.432193382125170152e-05
2.151840159283053925e-07,1.000239176804258223e+00,3.905024699047572725e-05
2.161517991975600068e-07,1.000229606463151066e+00,4.564065098987979695e-05
2.171195824668146212e-07,1.000220295900775547e+00,5.106763024670568543e-05
2.180873657360692620e-07,1.000210176481740598e+00,5.999292357839252704e-05
2.190551490053238763e-07,1.000200894471443336e+00,6.622409244180936972e-05
2.200229322745785171e-07,1.000192855552265891e+00,7.551913448714997934e-05
2.209907155438331315e-07,1.000184468310785224e+00,8.439475379412234154e-05
2.219584988130877458e-07,1.000176148294467993e+00,9.481452591332810865e-05
2.229262820823423867e-07,1.000168454229217296e+00,1.052707476981748182e-04
2.238940653515970010e-07,1.000160838483350689e+00,1.167172929594744834e-04
2.248618486208516153e-07,1.000154429641672449e+00,1.290338626957693096e-04
2.258296318901062562e-07,1.000146976385468234e+00,1.406994393733874071e-04
2.267974151593608705e-07,1.000141884892899347e+00,1.550965425476534445e-04
2.277651984286154849e-07,1.000136707941118086e+00,1.689291160489455267e-04
2.287329816978701257e-07,1.000131923889721275e+00,1.847127097302747297e-04
2.297007649671247400e-07,1.000128889429461987e+00,1.981921573070662200e-04
2.306685482363793808e-07,1.000125715004780647e+00,2.160864180233691657e-04
2.316363315056339952e-07,1.000125611418901661e+00,2.313868884948125100e-04
2.326041147748886095e-07,1.000123359556531755e+00,2.488601162732636944e-04
2.335718980441432503e-07,1.000126611877453220e+00,2.662692968767685787e-04
2.345396813133978647e-07,1.000124830274442322e+00,2.850388510348718504e-04
2.355074645826524790e-07,1.000129050476334713e+00,3.015734104638158981e-04
2.364752478519071198e-07,1.000134498698898478e+00,3.188337983027927686e-04
2.374430311211617342e-07,1.000138388132408185e+00,3.395971429188584644e-04
2.384108143904163750e-07,1.000147679946493673e+00,3.581727615759039830e-04
2.393785976596710158e-07,1.000150287336529553e+00,3.751687349762525985e-04
2.403463809289256302e-07,1.000166316566429403e+00,3.948620391789301755e-04
2.413141641981802445e-07,1.000174996059426835e+00,4.099018623723082251e-04
2.422819474674348589e-07,1.000188575087025411e+00,4.289817841320526289e-04
2.432497307366894732e-07,1.000201449474525939e+00,4.474555785472591227e-04
2.442175140059440876e-07,1.000219437310781778e+00,4.628717734075499246e-04
2.451852972751987019e-07,1.000228768442942950e+00,4.801722485755123972e-04
2.461530805444533162e-07,1.000258608439047459e+00,4.928642893555325658e-04
2.471208638137079835e-07,1.000269263438668954e+00,5.059140171142977125e-04
2.480886470829625979e-07,1.000295838548488359e+00,5.177102484024001050e-04
2.490564303522172652e-07,1.000310470449915501e+00,5.343615293217963708e-04
2.500242136214718795e-07,1.000341450872457738e+00,5.450247453577157248e-04
2.509919968907264939e-07,1.000361488388527231e+00,5.422999061630623310e-04
2.519597801599811082e-07,1.000384936502115352e+00,5.624678293364341426e-04
2.529275634292357226e-07,1.000409422867871490e+00,5.597947015659725939e-04
2.538953466984903369e-07,1.000434189292349174e+00,5.669338449029148177e-04
2.548631299677449512e-07,1.000452435497128700e+00,5.656612611574983679e-04
2.558309132369995656e-07,1.000493608004481727e+00,5.760969066541461910e-04
2.567986965062541799e-07,1.000509799903275931e+00,5.591372658378012317e-04
2.577664797755088472e-07,1.000531060968729902e+00,5.629809425187716140e-04
2.587342630447634616e-07,1.000560711762834121e+00,5.785781498399926838e-04
2.597020463140181289e-07,1.000592218528654875e+00,5.445258569907396795e-04
2.606698295832727432e-07,1.000605633456308263e+00,5.628790300643662144e-04
2.616376128525273575e-07,1.000636160775063122e+00,5.377468049377982437e-04
2.626053961217819719e-07,1.000659794982527107e+00,5.386907210979159514e-04
2.635731793910365862e-07,1.000675309201965790e+00,5.139095522374313501e-04
2.645409626602912006e-07,1.000701348325399920e+00,5.193284633990908001e-04
2.655087459295458149e-07,1.000718215847129500e+00,4.978610099423852898e-04
2.664765291988004293e-07,1.000744478294074868e+00,4.843880454361513535e-04
2.674443124680550966e-07,1.000754253556792817e+00,4.665889718041810576e-04
2.684120957373097109e-07,1.000780453572568618e+00,4.446742917964651830e-04
2.693798790065643253e-07,1.000780067990596489e+00,4.296098185305537338e-04
2.703476622758189925e-07,1.000809480493299430e+00,4.160632139883609299e-04
2.713154455450736069e-07,1.000813091916016750e+00,3.912145348618255368e-04
2.722832288143282212e-07,1.000826884342912892e+00,3.790363413610068114e-04
2.732510120835828356e-07,1.000839061092610560e+00,3.607675629592024856e-04
2.742187953528374499e-07,1.000845350787681109e+00,3.285246040704610385e-04
2.751865786220920643e-07,1.000847447270769797e+00,3.195691258948256679e-04
2.761543618913466786e-07,1.000851376458234965e+00,2.992805145484421785e-04
2.771221451606012930e-07,1.000855251656038281e+00,2.788142371125546925e-04
2.780899284298559602e-07,1.000857226986460402e+00,2.596709878392864301e-04
2.790577116991105746e-07,1.000857852535977921e+00,2.422553224705360092e-04
2.800254949683651889e-07,1.000860118460681791e+00,2.265339732910226272e-04
2.809932782376198562e-07,1.000854913190591056e+00,2.076381292515316033e-04
2.819610615068744706e-07,1.000850544888974403e+00,1.875458993719956676e-04
2.829288447761290849e-07,1.000845851354393190e+00,1.746523729216051030e-04
2.838966280453836993e-07,1.000846315359519956e+00,1.602275600036612367e-04
2.848644113146383136e-07,1.000837719711615170e+00,1.461156537980159357e-04
2.858321945838929280e-07,1.000830793310878875e+00,1.331246220633148483e-04
2.867999778531475423e-07,1.000826463142963529e+00,1.204307709452148099e-04
2.877677611224021566e-07,1.000819778747320976e+00,1.058100765746246437e-04
2.887355443916568239e-07,1.000809151358146520e+00,9.468482776145041102e-05
2.897033276609114383e-07,1.000799606457817070e+00,8.473633537952105334e-05
2.906711109301660526e-07,1.000791870265243189e+00,7.764807734020029689e-05
2.916388941994207199e-07,1.000784393660524296e+00,6.826842090706002400e-05
2.926066774686753343e-07,1.000774844921635376e+00,6.075885753946937623e-05
2.935744607379299486e-07,1.000767577249551232e+00,5.394603285727441827e-05
2.945422440071845630e-07,1.000758984682484920e+00,4.836846700326361036e-05
2.955100272764391773e-07,1.000750845796111621e+00,4.202124308039132213e-05
2.964778105456937916e-07,1.000742769992245762e+00,3.698869576528891469e-05
2.974455938149484060e-07,1.000735315715064466e+00,3.290893094885237365e-05
2.984133770842030203e-07,1.000727143319282364e+00,2.903529895055192780e-05
2.993811603534576876e-07,1.000719962641380967e+00,2.565214672014935358e-05
3.003489436227123020e-07,1.000712920722920618e+00,2.261916971823736642e-05
3.013167268919669163e-07,1.000705876996120791e+00,1.958286010338175601e-05
3.022845101612215836e-07,1.000699961597376397e+00,1.769908753785829391e-05
3.032522934304761979e-07,1.000692991260297537e+00,1.508286646259878679e-05
3.042200766997308123e-07,1.000687149179189328e+00,1.398384209879578987e-05
3.051878599689854266e-07,1.000681334532080857e+00,1.182961269483906225e-05
3.061556432382400410e-07,1.000675507979350787e+00,1.076248799146272905e-05
3.071234265074946553e-07,1.000670883136915768e+00,9.295662103532722801e-06
3.080912097767492697e-07,1.000665116934441379e+00,8.252966921399101786e-06
3.090589930460038840e-07,1.000660729305917096e+00,7.503421016168487583e-06
3.100267763152585513e-07,1.000655925523378009e+00,6.206657724172420089e-06
3.109945595845131657e-07,1.000651378209992171e+00,5.663638962492152358e-06
3.119623428537677800e-07,1.000648102015559537e+00,5.028365110466043315e-06
3.129301261230224473e-07,1.000643617934807716e+00,4.275128200450644149e-06
3.138979093922770616e-07,1.000640301762534268e+00,4.100102687482409020e-06
3.148656926615316760e-07,1.000636054957642074e+00,3.251455874479624718e-06
3.158334759307862903e-07,1.000632631500102621e+00,3.207185497124175227e-06
3.168012592000409047e-07,1.000629326735018587e+00,2.446424024043904998e-06
3.177690424692955190e-07,1.000626166891160018e+00,2.614622126349203658e-06
3.187368257385501334e-07,1.000622843591207456e+00,1.858231377665277520e-06
3.197046090078047477e-07,1.000619826810741131e+00,1.945225266623280712e-06
3.206723922770594150e-07,1.000616734924765661e+00,1.548380209934607435e-06
3.216401755463140293e-07,1.000613570283439557e+00,1.162329305009939693e-06
3.226079588155686437e-07,1.000611463389252442e+00,1.419075090687118158e-06
3.235757420848233110e-07,1.000608423369685029e+00,8.838059948385816209e-07
3.245435253540779253e-07,1.000606047498990625e+00,8.158116625358268398e-07
3.255113086233325397e-07,1.000603997459910355e+00,9.539506518220981185e-07
3.264790918925871540e-07,1.000601786362341761e+00,5.684624643873787004e-07
3.274468751618417684e-07,1.000598867050356944e+00,5.943829399841789367e-07
3.284146584310963827e-07,1.000597095989790519e+00,6.744852267812747555e-07
3.293824417003509970e-07,1.000594256550209060e+00,3.367173492993634455e-07
3.303502249696056114e-07,1.000592480485379410e+00,4.562086864100993442e-07
3.313180082388602787e-07,1.000590830733807612e+00,5.186490967479789078e-07
3.322857915081148930e-07,1.000588942806685200e+00,2.311682874344378299e-07
3.332535747773695074e-07,1.000586716908395513e+00,2.433450302046202265e-07
3.342213580466241747e-07,1.000584720654340121e+00,3.067236395037493947e-07
3.351891413158787890e-07,1.000583210413720670e+00,1.435126547448404983e-07
3.361569245851334034e-07,1.000581326446033259e+00,1.238995488009735911e-07
3.371247078543880177e-07,1.000580061341211691e+00,2.120790600912968989e-07
3.380924911236426320e-07,1.000578067559360074e+00,1.388779780641005227e-07
3.390602743928972464e-07,1.000577038680294351e+00,8.461928422370249599e-08
3.400280576621519137e-07,1.000574814285055458e+00,1.171257789710791106e-07
3.409958409314065280e-07,1.000573987911365315e+00,7.844978385812280356e-08
3.419636242006611424e-07,1.000571674516715914e+00,4.613072931425926963e-08
3.429314074699157567e-07,1.000570781348459226e+00,6.067033545872726024e-08
3.438991907391703711e-07,1.000569695253423097e+00,7.935245468430280441e-08
3.448669740084249854e-07,1.000567518146186829e+00,5.424591241988305291e-08
3.458347572776796527e-07,1.000566296967052349e+00,4.904470000669720208e-08
3.468025405469342670e-07,1.000565401134494214e+00,3.044094455813638915e-08
3.477703238161888814e-07,1.000564324342323674e+00,2.771342157832367593e-08
3.487381070854434957e-07,1.000563258517037424e+00,1.885894657218120447e-08
3.497058903546981101e-07,1.000561211765593317e+00,2.484110083630731911e-08
3.506736736239527774e-07,1.000560037213600983e+00,1.775401850205625417e-08
3.516414568932073917e-07,1.000558894898320839e+00,2.821099805109914155e-08
3.526092401624620061e-07,1.000557778840701628e+00,2.007701507395836402e-08
3.535770234317166204e-07,1.000556684573529642e+00,1.287765478998026567e-08
3.545448067009712347e-07,1.000555604349334438e+00,7.948716644808212876e-09
3.555125899702258491e-07,1.000554533962937809e+00,7.496774740609717699e-09
3.564803732394805164e-07,1.000553477765216082e+00,6.250721433149027024e-09
3.574481565087351307e-07,1.000552438353782492e+00,8.821968101676499165e-09
3.584159397779897451e-07,1.000551422834685011e+00,6.477066673170931637e-09
3.593837230472443594e-07,1.000550438951653520e+00,6.183642092151952927e-09
3.603515063164989738e-07,1.000550392670652045e+00,6.203983632598571096e-09
3.613192895857536410e-07,1.000549314583742300e+00,4.057354495734700290e-09
3.622870728550082554e-07,1.000548101023449599e+00,2.872615561263221452e-09
3.632548561242628697e-07,1.000547074922016222e+00,2.367200622971406598e-09
3.642226393935174841e-07,1.000545997779544560e+00,1.848291189247647760e-09
3.651904226627720984e-07,1.000545063915362132e+00,3.288775348677075629e-09
3.661582059320267128e-07,1.000545033709904885e+00,2.690653928085458151e-09
3.671259892012813801e-07,1.000543814903907647e+00,1.659415731148176577e-09
3.680937724705359944e-07,1.000542782326226288e+00,1.171572792024300733e-09
3.690615557397906088e-07,1.000541910340211116e+00,1.249103592765398610e-09
3.700293390090452231e-07,1.000541801129623654e+00,1.107703946976724994e-09
3.709971222782998374e-07,1.000540614453836019e+00,1.199934673310683211e-09
3.719649055475545047e-07,1.000539498248473214e+00,8.020280135076817182e-10
3.729326888168091191e-07,1.000539148337791007e+00,6.483491197299220645e-10
3.739004720860637334e-07,1.000538481783908029e+00,1.010190997907055942e-09
3.748682553553183478e-07,1.000537430705904285e+00,8.755734052878564508e-10
3.758360386245729621e-07,1.000537263876272620e+00,5.971571599121714081e-10
3.768038218938276294e-07,1.000536301733422562e+00,5.016552781597587465e-10
3.777716051630822438e-07,1.000535289894640689e+00,4.574344169314087888e-10
3.787393884323368581e-07,1.000535361036262394e+00,4.930510605414490974e-10
3.797071717015914724e-07,1.000534165021995658e+00,4.971405173521810474e-10
3.806749549708460868e-07,1.000533062323387012e+00,4.375554715319612627e-10
3.816427382401007011e-07,1.000533167611669327e+00,2.810479129531500979e-10
3.826105215093553684e-07,1.000532063077358869e+00,3.521370524504933822e-10
3.835783047786099828e-07,1.000531965133033108e+00,5.122670105167138258e-10
3.845460880478645971e-07,1.000530972113894412e+00,3.925679746295096765e-10
3.855138713171192115e-07,1.000529971145325936e+00,3.437229256712477404e-10
3.864816545863738258e-07,1.000529883746711590e+00,3.557998578859135541e-10
3.874494378556284931e-07,1.000528745592889734e+00,3.461465020430191806e-10
3.884172211248831074e-07,1.000528825458741666e+00,4.355611685606677707e-10
3.893850043941377218e-07,1.000527783071381460e+00,5.159900033922140222e-10
3.903527876633923361e-07,1.000527868369289752e+00,4.533002021473618398e-10
3.913205709326469505e-07,1.000526685587858733e+00,4.562321929757468095e-10
3.922883542019015648e-07,1.000526727635735691e+00,4.574022194708490537e-10
3.932561374711562321e-07,1.000525636635283488e+00,5.094430863549102025e-10
3.942239207404108465e-07,1.000525718047771573e+00,6.437805121996005531e-10
3.951917040096654608e-07,1.000524539005041236e+00,7.936781601413566530e-10
3.961594872789200751e-07,1.000524571697261056e+00,7.504229845832951933e-10
3.971272705481746895e-07,1.000523494779269384e+00,6.655972007944028506e-10
3.980950538174293568e-07,1.000523432801939450e+00,7.373723899473526477e-10
3.990628370866839711e-07,1.000522323264267044e+00,7.789027171220942927e-10
4.000306203559385855e-07,1.000522396301505967e+00,9.098498425982603587e-10
4.009984036251931998e-07,1.000521315355384022e+00,9.975645291850773076e-10
4.019661868944478142e-07,1.000521321234151939e+00,1.135486292474614811e-09
4.029339701637024285e-07,1.000521105422443213e+00,1.217274402753398295e-09
4.039017534329570958e-07,1.000520235611838116e+00,1.253041385338310371e-09
4.048695367022117101e-07,1.000520337880951516e+00,1.276157710250282726e-09
4.058373199714663245e-07,1.000519203132325785e+00,1.265715379333851543e-09
4.068051032407209388e-07,1.000519142814997986e+00,1.432545300838123935e-09
4.077728865099755532e-07,1.000517998845767531e+00,1.757882449354746067e-09
4.087406697792302205e-07,1.000518099659458260e+00,2.025540257992040091e-09
4.097084530484848348e-07,1.000518213715228422e+00,2.177501950076759651e-09
4.106762363177394492e-07,1.000517054011568874e+00,2.282714642659424815e-09
4.116440195869940635e-07,1.000516996766789291e+00,2.224718742405001903e-09
4.126118028562486778e-07,1.000515847963910243e+00,2.083855079376538961e-09
4.135795861255032922e-07,1.000515954843063771e+00,2.075712123746993752e-09
4.145473693947579595e-07,1.000516044411584593e+00,2.154243872649981733e-09
4.155151526640125738e-07,1.000514912280624946e+00,2.484099401463476424e-09
4.164829359332671882e-07,1.000514885055038938e+00,2.793935465936384100e-09
4.174507192025218025e-07,1.000514785110563132e+00,3.057664671407180101e-09
4.184185024717764169e-07,1.000513809166243773e+00,3.161518179583519748e-09
4.193862857410310842e-07,1.000513814032518711e+00,3.115609134587934737e-09
4.203540690102856985e-07,1.000512996931729015e+00,3.100292082801890292e-09
4.213218522795403128e-07,1.000512730124233585e+00,3.372458173728186639e-09
4.222896355487949272e-07,1.000512712570137408e+00,3.921764690123160489e-09
4.232574188180495415e-07,1.000511567300466309e+00,4.626454999413521320e-09
4.242252020873042088e-07,1.000511664149600355e+00,5.366793396802430442e-09
4.251929853565588232e-07,1.000511670523914987e+00,5.923237598762000105e-09
4.261607686258134375e-07,1.000511022880739231e+00,6.083917894895070121e-09
4.271285518950680519e-07,1.000510583339976334e+00,5.964172587108391905e-09
4.280963351643226662e-07,1.000510585652117035e+00,5.690613428798715204e-09
4.290641184335772806e-07,1.000509651912232734e+00,5.424039489760485531e-09
4.300319017028319478e-07,1.000509511360043957e+00,5.434864269420486965e-09
4.309996849720865622e-07,1.000509523426494241e+00,5.906238038714117155e-09
4.319674682413411765e-07,1.000509526256384119e+00,6.677036794258241734e-09
4.329352515105957909e-07,1.000508465969070393e+00,7.364156719881051223e-09
4.339030347798504052e-07,1.000508443721397578e+00,7.527393510880473915e-09
4.348708180491050725e-07,1.000508451235427643e+00,7.523338703832902870e-09
4.358386013183596869e-07,1.000507299573077269e+00,7.453678240538310394e-09
4.368063845876143012e-07,1.000507375845735680e+00,7.616537548407528727e-09
4.377741678568689155e-07,1.000507375131073129e+00,8.384494583502878280e-09
4.387419511261235299e-07,1.000506735972155337e+00,9.618487160781251521e-09
4.397097343953781442e-07,1.000506294121375150e+00,1.133648757221324926e-08
4.406775176646328115e-07,1.000506300805365845e+00,1.280473416676757799e-08
4.416453009338874259e-07,1.000506277674041655e+00,1.452604616717423770e-08
4.426130842031420402e-07,1.000505266449775998e+00,1.559997518416361668e-08
4.435808674723966546e-07,1.000505220055971867e+00,1.612055528258624478e-08
4.445486507416512689e-07,1.000505228874037256e+00,1.541059171275573256e-08
4.455164340109059362e-07,1.000505343513538703e+00,1.431301858276761909e-08
4.464842172801605505e-07,1.000504174727493201e+00,1.348864095315602466e-08
4.474520005494151649e-07,1.000504156631907948e+00,1.356083236777261583e-08
4.484197838186697792e-07,1.000504157745230716e+00,1.435229850743261743e-08
4.493875670879243936e-07,1.000504269835777116e+00,1.603648627116073834e-08
4.503553503571790079e-07,1.000503103116659132e+00,1.712828196013353752e-08
4.513231336264336752e-07,1.000503084083588679e+00,1.791669576905020015e-08
4.522909168956882896e-07,1.000503083857685827e+00,1.780724795714657649e-08
4.532587001649429039e-07,1.000503194314456001e+00,1.756547908371856196e-08
4.542264834341975182e-07,1.000502008124623421e+00,1.817540424920974104e-08
4.551942667034521326e-07,1.000502011973471550e+00,1.910278393856955393e-08
4.561620499727067999e-07,1.000502008460899317e+00,2.114520458660282146e-08
4.571298332419614142e-07,1.000502070116172204e+00,2.410939626455863598e-08
4.580976165112160286e-07,1.000500859805832032e+00,2.740882735730150789e-08
4.590653997804706429e-07,1.000500937930679068e+00,3.081949046081060331e-08
4.600331830497252573e-07,1.000500937878215257e+00,3.455777623051317966e-08
4.610009663189798716e-07,1.000500943487514061e+00,3.724417096355115726e-08
4.619687495882345389e-07,1.000500780970212888e+00,3.798798849269950283e-08
4.629365328574891532e-07,1.000499892341259356e+00,3.724930413137952424e-08
4.639043161267437676e-07,1.000499865075474837e+00,3.581304419163739128e-08
4.648720993959983819e-07,1.000499863594766614e+00,3.351085220798704818e-08
4.658398826652529963e-07,1.000499834795394616e+00,3.228718350588705149e-08
4.668076659345076636e-07,1.000498917333557003e+00,3.304432834796407284e-08
4.677754492037622779e-07,1.000498786138094731e+00,3.416302196515749161e-08
4.687432324730168923e-07,1.000498791146726019e+00,3.672314575788414626e-08
4.697110157422715066e-07,1.000498789832449109e+00,3.886989239074966114e-08
4.706787990115261210e-07,1.000498794430389138e+00,3.958089697478454959e-08
4.716465822807807353e-07,1.000497610128309400e+00,4.001388029057362516e-08
4.726143655500354026e-07,1.000497711804893219e+00,3.955663758982881354e-08
4.735821488192900169e-07,1.000497718820933413e+00,4.021369057641482678e-08
4.745499320885446313e-07,1.000497719572253752e+00,4.194146533588241594e-08
4.755177153577992456e-07,1.000497778167194651e+00,4.507096583360180966e-08
4.764854986270538600e-07,1.000496536366464628e+00,4.905960163895432655e-08
4.774532818963085802e-07,1.000496641354797100e+00,5.493360548997033489e-08
4.784210651655631945e-07,1.000496646437340820e+00,6.067696292183816148e-08
4.793888484348178089e-07,1.000496646187870597e+00,6.772995287468752370e-08
4.803566317040724232e-07,1.000496629492247047e+00,7.383536902885206067e-08
4.813244149733270376e-07,1.000496170162620269e+00,7.869569399118161323e-08
4.822921982425816519e-07,1.000495597425518746e+00,8.157285876525253791e-08
4.832599815118362663e-07,1.000495574859816550e+00,8.212413246734147237e-08
4.842277647810908806e-07,1.000495574086557982e+00,8.002562257938343663e-08
4.851955480503454950e-07,1.000495569834386478e+00,7.761739040972807231e-08
4.861633313196001093e-07,1.000495388582812506e+00,7.500800835071848667e-08
4.871311145888547237e-07,1.000494531980175683e+00,7.378302974743161914e-08
4.880988978581093380e-07,1.000494503389135703e+00,7.373309638584180476e-08
4.890666811273639523e-07,1.000494501370634337e+00,7.580303584394486544e-08
4.900344643966185667e-07,1.000494501780498480e+00,7.873560403002188232e-08
4.910022476658731810e-07,1.000494508600528798e+00,8.151050959367485786e-08
4.919700309351277954e-07,1.000494582725908632e+00,8.398153796791845061e-08
4.929378142043825156e-07,1.000493410147275775e+00,8.503439984203904988e-08
4.939055974736371300e-07,1.000493428221578940e+00,8.570237996187537536e-08
4.948733807428917443e-07,1.000493428542526875e+00,8.671127110805790392e-08
4.958411640121463586e-07,1.000493428179230371e+00,8.911558308706715008e-08
4.968089472814009730e-07,1.000493421021775076e+00,9.337392564327874045e-08
4.977767305506555873e-07,1.000493286927925496e+00,9.933318921286304987e-08
4.987445138199103076e-07,1.000492380619212529e+00,1.066007575360488453e-07
4.997122970891649219e-07,1.000492357735793369e+00,1.150989067261869489e-07
5.006800803584195363e-07,1.000492356007021133e+00,1.241837492660868886e-07
5.016478636276741506e-07,1.000492356124149440e+00,1.339114445635619462e-07
5.026156468969287650e-07,1.000492359499080441e+00,1.437787501198388827e-07
5.035834301661833793e-07,1.000492404067746088e+00,1.523985202288259171e-07
5.045512134354379936e-07,1.000491191848259298e+00,1.589643775797817284e-07
5.055189967046926080e-07,1.000491277094430087e+00,1.632249357498880719e-07
5.064867799739472223e-07,1.000491282799742532e+00,1.641661994687641495e-07
5.074545632432018367e-07,1.000491283131152098e+00,1.631583333450325724e-07
5.084223465124564510e-07,1.000491283013525745e+00,1.604024921009258490e-07
5.093901297817110654e-07,1.000491283785391872e+00,1.579513609828861711e-07
5.103579130509656797e-07,1.000491328816141445e+00,1.562826734372851817e-07
5.113256963202202941e-07,1.000490177877002784e+00,1.559724555926289025e-07
5.122934795894749084e-07,1.000490206781029734e+00,1.571390219745305288e-07
5.132612628587295228e-07,1.000490210117358281e+00,1.603199780372116614e-07
5.142290461279842430e-07,1.000490210316293149e+00,1.646227140970330497e-07
5.151968293972388573e-07,1.000490208466571884e+00,1.687381754327446707e-07
5.161646126664934717e-07,1.000490186768025369e+00,1.720407082084316453e-07
5.171323959357480860e-07,1.000489952394936655e+00,1.754500480017965451e-07
5.181001792050027004e-07,1.000489158833169467e+00,1.787437402561914797e-07
5.190679624742573147e-07,1.000489138138473733e+00,1.821313776805770459e-07
5.200357457435120349e-07,1.000489137714314358e+00,1.863858535359374475e-07
5.210035290127666493e-07,1.000489137852230259e+00,1.908631297175977611e-07
5.219713122820212636e-07,1.000489138417145041e+00,1.972315070639769681e-07
5.229390955512758780e-07,1.000489144859088908e+00,2.048322235814661805e-07
5.239068788205304923e-07,1.000489201741582290e+00,2.132526251368768186e-07
5.248746620897851067e-07,1.000488004888782312e+00,2.227392450871228796e-07
5.258424453590397210e-07,1.000488068746817616e+00,2.329322403744201755e-07
5.268102286282943354e-07,1.000488066282877453e+00,2.435005207771697859e-07
5.277780118975489497e-07,1.000488065307368446e+00,2.540929233769929602e-07
5.287457951668035641e-07,1.000488065207721267e+00,2.646221805669169446e-07
5.297135784360581784e-07,1.000488065347279409e+00,2.744011371816765670e-07
5.306813617053127927e-07,1.000488064595899784e+00,2.832278560007639514e-07
5.316491449745674071e-07,1.000488036751217891e+00,2.907068624933310859e-07
5.326169282438220214e-07,1.000487513699846565e+00,2.960325717830220786e-07
5.335847115130766358e-07,1.000487022161449691e+00,2.994369809108611052e-07
5.345524947823312501e-07,1.000486993095302424e+00,3.011820200692263845e-07
5.355202780515859704e-07,1.000486992266999664e+00,3.013157869623125044e-07
5.364880613208405847e-07,1.000486992446470769e+00,3.012796786981852290e-07
5.374558445900951990e-07,1.000486992395680064e+00,3.017868749972403113e-07
5.384236278593498134e-07,1.000486992329561620e+00,3.032934660858100337e-07
5.393914111286044277e-07,1.000486999505306729e+00,3.067145117696729817e-07
5.403591943978591480e-07,1.000487100247958949e+00,3.114570795297314436e-07
5.413269776671137623e-07,1.000485819971334900e+00,3.172264266080046912e-07
5.422947609363683767e-07,1.000485923065315141e+00,3.239252717519975058e-07
5.432625442056229910e-07,1.000485921416845780e+00,3.305579589554371446e-07
5.442303274748776054e-07,1.000485919985696137e+00,3.367258808525196646e-07
5.451981107441322197e-07,1.000485919826404224e+00,3.422668154966193287e-07
5.461658940133868340e-07,1.000485919861111572e+00,3.469067417277303262e-07
5.471336772826414484e-07,1.000485920308000765e+00,3.513696969136676112e-07
5.481014605518960627e-07,1.000485921327051608e+00,3.553236618396409176e-07
5.490692438211506771e-07,1.000485893340224752e+00,3.589805048478503647e-07
5.500370270904052914e-07,1.000485461427166323e+00,3.627053553483961738e-07
5.510048103596599058e-07,1.000484862295869748e+00,3.665157005603553293e-07
5.519725936289145201e-07,1.000484843080434949e+00,3.708406298174627717e-07
5.529403768981691345e-07,1.000484846549474005e+00,3.750786844739740526e-07
5.539081601674237488e-07,1.000484847142763645e+00,3.801938767718402938e-07
5.548759434366783632e-07,1.000484847150114875e+00,3.862754026614912656e-07
5.558437267059329775e-07,1.000484847054696314e+00,3.928351339910339906e-07
5.568115099751876977e-07,1.000484847332049343e+00,4.000634913476092006e-07
5.577792932444423121e-07,1.000484855273394924e+00,4.093947521354717707e-07
5.587470765136969264e-07,1.000484886972925924e+00,4.190479266163348727e-07
5.597148597829515408e-07,1.000483964253802371e+00,4.302488957811731112e-07
5.606826430522061551e-07,1.000483805774972090e+00,4.413517546801697609e-07
5.616504263214608753e-07,1.000483774367477929e+00,4.526725441087565488e-07
5.626182095907154897e-07,1.000483773986185598e+00,4.632069004540639305e-07
5.635859928599701040e-07,1.000483774451174757e+00,4.736881806158294453e-07
5.645537761292247184e-07,1.000483774487944899e+00,4.819643624710102495e-07
5.655215593984793327e-07,1.000483774476372156e+00,4.899667545741179426e-07
5.664893426677339471e-07,1.000483774503392764e+00,4.974408990859121346e-07
5.674571259369885614e-07,1.000483775004925580e+00,5.045109233365600934e-07
5.684249092062431758e-07,1.000483774842877205e+00,5.113217065543999482e-07
5.693926924754977901e-07,1.000483743937781611e+00,5.180588502293431492e-07
5.703604757447524045e-07,1.000483665966801494e+00,5.248090453188413355e-07
5.713282590140070188e-07,1.000482626548124143e+00,5.314323018657910977e-07
5.722960422832616331e-07,1.000482694828744856e+00,5.373221240393715988e-07
5.732638255525162475e-07,1.000482702927385281e+00,5.415233728435708033e-07
5.742316088217708618e-07,1.000482701965035748e+00,5.437637687131617756e-07
5.751993920910254762e-07,1.000482701795269547e+00,5.440451615426453320e-07
5.761671753602800905e-07,1.000482701808571129e+00,5.432725928489505762e-07
5.771349586295347049e-07,1.000482701814574105e+00,5.403520843395874535e-07
5.781027418987893192e-07,1.000482701841085786e+00,5.367485072421716654e-07
5.790705251680439336e-07,1.000482701707132938e+00,5.325929794731873723e-07
5.800383084372987597e-07,1.000482700298473970e+00,5.283980780977709050e-07
5.810060917065533740e-07,1.000482707582661668e+00,5.244263993050163047e-07
5.819738749758079884e-07,1.000482777431432435e+00,5.204758871393474235e-07
5.829416582450626027e-07,1.000481794007346048e+00,5.174028230352115673e-07
5.839094415143172171e-07,1.000481658934338380e+00,5.145733385112765712e-07
5.848772247835718314e-07,1.000481625237719996e+00,5.126761926615528614e-07
5.858450080528264458e-07,1.000481628611267881e+00,5.113883536074504024e-07
5.868127913220810601e-07,1.000481629240015824e+00,5.106455017912022745e-07
5.877805745913356744e-07,1.000481629149328366e+00,5.110453623497243107e-07
5.887483578605902888e-07,1.000481629142034645e+00,5.123612708127419479e-07
5.897161411298449031e-07,1.000481629145840490e+00,5.150332204767527665e-07
5.906839243990995175e-07,1.000481628994248195e+00,5.187155349961231615e-07
5.916517076683541318e-07,1.000481629307109932e+00,5.242850308372514262e-07
5.926194909376087462e-07,1.000481635376618605e+00,5.315490422972950492e-07
5.935872742068633605e-07,1.000481605230269189e+00,5.401981559088583162e-07
5.945550574761179749e-07,1.000481410098480239e+00,5.506535688006717602e-07
5.955228407453725892e-07,1.000480477103012911e+00,5.615708849400620423e-07
5.964906240146272036e-07,1.000480553103229919e+00,5.729093551456043308e-07
5.974584072838818179e-07,1.000480558599653014e+00,5.833760605328823781e-07
5.984261905531364323e-07,1.000480556356753148e+00,5.939110812831376036e-07
5.993939738223910466e-07,1.000480556428475554e+00,6.028615350040144029e-07
6.003617570916456609e-07,1.000480556477939320e+00,6.100034047308087468e-07
6.013295403609004870e-07,1.000480556471195159e+00,6.150754030026726798e-07
6.022973236301551014e-07,1.000480556470779048e+00,6.173562769789467959e-07
6.032651068994097157e-07,1.000480556470334736e+00,6.179211315134338287e-07
6.042328901686643301e-07,1.000480556465291437e+00,6.157678018252791077e-07
6.052006734379189444e-07,1.000480556512535202e+00,6.126626144040221040e-07
6.061684567071735588e-07,1.000480556469954152e+00,6.064841469134217153e-07
6.071362399764281731e-07,1.000480554876055583e+00,5.993362303612578063e-07
6.081040232456827875e-07,1.000480564126894567e+00,5.912212583252656083e-07
6.090718065149374018e-07,1.000480574507937259e+00,5.820354632013750908e-07
6.100395897841920162e-07,1.000480092528108989e+00,5.729585774364686030e-07
6.110073730534466305e-07,1.000479437053314546e+00,5.637672037974801867e-07
6.119751563227012449e-07,1.000479478523855104e+00,5.543410396481411771e-07
6.129429395919558592e-07,1.000479485948555070e+00,5.455064986350118865e-07
6.139107228612104735e-07,1.000479483588116780e+00,5.371160952970870164e-07
6.148785061304650879e-07,1.000479483770400080e+00,5.289092715598855937e-07
6.158462893997197022e-07,1.000479483811309134e+00,5.209398405583570845e-07
6.168140726689743166e-07,1.000479483798867086e+00,5.138152688353763626e-07
6.177818559382289309e-07,1.000479483799786573e+00,5.071172394128277061e-07
6.187496392074835453e-07,1.000479483802717118e+00,5.008733683350313879e-07
6.197174224767381596e-07,1.000479483790243318e+00,4.955306998681973744e-07
6.206852057459927740e-07,1.000479483782573231e+00,4.901690993078385755e-07
6.216529890152473883e-07,1.000479484231843186e+00,4.851913784684995229e-07
6.226207722845022144e-07,1.000479481646584290e+00,4.803219180689075844e-07
6.235885555537568288e-07,1.000479485370127986e+00,4.753677461077383331e-07
6.245563388230114431e-07,1.000479543037880337e+00,4.706208406391830706e-07
6.255241220922660575e-07,1.000478887692634267e+00,4.656758839431552713e-07
6.264919053615206718e-07,1.000478373947836896e+00,4.605081794145714326e-07
6.274596886307752862e-07,1.000478406656519548e+00,4.550339052183675782e-07
6.284274719000299005e-07,1.000478413379250586e+00,4.493869227422836988e-07
6.293952551692845148e-07,1.000478410716884037e+00,4.438469465069062650e-07
6.303630384385391292e-07,1.000478411149057889e+00,4.383217467657624165e-07
6.313308217077937435e-07,1.000478411138714607e+00,4.325906305581521952e-07
6.322986049770483579e-07,1.000478411126277445e+00,4.273175057997146093e-07
6.332663882463029722e-07,1.000478411130107714e+00,4.218941089840686379e-07
6.342341715155575866e-07,1.000478411129259948e+00,4.156623148309010799e-07
6.352019547848122009e-07,1.000478411124716249e+00,4.095036510604693280e-07
6.361697380540668153e-07,1.000478411166282333e+00,4.028471952244687338e-07
6.371375213233214296e-07,1.000478410979878108e+00,3.965199992529963032e-07
6.381053045925760440e-07,1.000478411315496308e+00,3.900076652877241052e-07
6.390730878618306583e-07,1.000478413881688233e+00,3.833537142588449846e-07
6.400408711310852727e-07,1.000478386497810623e+00,3.766648586605724936e-07
6.410086544003398870e-07,1.000478525768032645e+00,3.699843306933783306e-07
6.419764376695945013e-07,1.000477459486703413e+00,3.638326131601363948e-07
6.429442209388491157e-07,1.000477350557058998e+00,3.580095829533866490e-07
6.439120042081039418e-07,1.000477330477846927e+00,3.525009438112784088e-07
6.448797874773585561e-07,1.000477340549137395e+00,3.472119401994300361e-07
6.458475707466131705e-07,1.000477338107148784e+00,3.420713554926092525e-07
6.468153540158677848e-07,1.000477338482682610e+00,3.367495797909631275e-07
6.477831372851223992e-07,1.000477338465268318e+00,3.316548853435458901e-07
6.487509205543770135e-07,1.000477338455582066e+00,3.271017682561147767e-07
6.497187038236316279e-07,1.000477338459706322e+00,3.226297441600781583e-07
6.506864870928862422e-07,1.000477338457824272e+00,3.178456757303945898e-07
6.516542703621408566e-07,1.000477338460341148e+00,3.137075184698352173e-07
6.526220536313954709e-07,1.000477338463915622e+00,3.092651372515939888e-07
6.535898369006500853e-07,1.000477338381378978e+00,3.046427586634308326e-07
6.545576201699046996e-07,1.000477338946659023e+00,2.999096529973519653e-07
6.555254034391593139e-07,1.000477336280990892e+00,2.952011878620053275e-07
6.564931867084139283e-07,1.000477345526888717e+00,2.907359273912560758e-07
6.574609699776685426e-07,1.000477328106303965e+00,2.859140563517355596e-07
6.584287532469231570e-07,1.000477260141561020e+00,2.815820548364405327e-07
6.593965365161777713e-07,1.000476160198999542e+00,2.771171546798733065e-07
6.603643197854323857e-07,1.000476296859103886e+00,2.729791699810235040e-07
6.613321030546870000e-07,1.000476258702100774e+00,2.686030035780588499e-07
6.622998863239416144e-07,1.000476267068562519e+00,2.646447015623412287e-07
6.632676695931962287e-07,1.000476265630204198e+00,2.603514835972341480e-07
6.642354528624510548e-07,1.000476265786777619e+00,2.558347558043895224e-07
6.652032361317056692e-07,1.000476265795612552e+00,2.509341275966295466e-07
6.661710194009602835e-07,1.000476265785042118e+00,2.462138399973725424e-07
6.671388026702148979e-07,1.000476265788831975e+00,2.409761705818296393e-07
6.681065859394695122e-07,1.000476265788031061e+00,2.362122521638005668e-07
6.690743692087241266e-07,1.000476265787285213e+00,2.313378534897731902e-07
6.700421524779787409e-07,1.000476265790470887e+00,2.264692689784662099e-07
6.710099357472333552e-07,1.000476265782936247e+00,2.217409630625030888e-07
6.719777190164879696e-07,1.000476265781421015e+00,2.172092399190843124e-07
6.729455022857425839e-07,1.000476265938014864e+00,2.127721328931169627e-07
6.739132855549971983e-07,1.000476264707491847e+00,2.084723819721522549e-07
6.748810688242518126e-07,1.000476271641823622e+00,2.044768646262329727e-07
6.758488520935064270e-07,1.000476238709803622e+00,2.004970845195130855e-07
6.768166353627610413e-07,1.000476379187139164e+00,1.965690256044551018e-07
6.777844186320156557e-07,1.000475534839436742e+00,1.926491785408083061e-07
6.787522019012702700e-07,1.000475135631859080e+00,1.892835262625697222e-07
6.797199851705248844e-07,1.000475202576215139e+00,1.858101716418782115e-07
6.806877684397794987e-07,1.000475192090332088e+00,1.830016852088616839e-07
6.816555517090341131e-07,1.000475193070232027e+00,1.804665937078198827e-07
6.826233349782887274e-07,1.000475193195326185e+00,1.781212487944918214e-07
6.835911182475433417e-07,1.000475193084947811e+00,1.758998308904586313e-07
6.845589015167979561e-07,1.000475193128002926e+00,1.735562539549758221e-07
6.855266847860527822e-07,1.000475193114205297e+00,1.709391468089899644e-07
6.864944680553073965e-07,1.000475193118147477e+00,1.678741264018403368e-07
6.874622513245620109e-07,1.000475193117297046e+00,1.647005530005130174e-07
6.884300345938166252e-07,1.000475193116637129e+00,1.607876368569745994e-07
6.893978178630712396e-07,1.000475193120272221e+00,1.567752985005091960e-07
6.903656011323258539e-07,1.000475193106263427e+00,1.530278042902945387e-07
6.913333844015804683e-07,1.000475193157564835e+00,1.493032222841212491e-07
6.923011676708350826e-07,1.000475192975589289e+00,1.457740256109937205e-07
6.932689509400896970e-07,1.000475193591853218e+00,1.421817131771408341e-07
6.942367342093443113e-07,1.000475191588534374e+00,1.389376713212656944e-07
6.952045174785989257e-07,1.000475197632436641e+00,1.354091546691387646e-07
6.961723007478535400e-07,1.000475180953619203e+00,1.321785742045911983e-07
6.971400840171081543e-07,1.000475217678121531e+00,1.290310977374472857e-07
6.981078672863627687e-07,1.000474122757909035e+00,1.256736023743259383e-07
6.990756505556173830e-07,1.000474125082741361e+00,1.228634968508421130e-07
7.000434338248719974e-07,1.000474117931794193e+00,1.202474057347890295e-07
7.010112170941266117e-07,1.000474121370406921e+00,1.176819964129533838e-07
7.019790003633812261e-07,1.000474120137461842e+00,1.152906124548462291e-07
7.029467836326358404e-07,1.000474120540960632e+00,1.132402056007356477e-07
7.039145669018904548e-07,1.000474120418489266e+00,1.113674211139386757e-07
7.048823501711450691e-07,1.000474120454811100e+00,1.095872084042499290e-07
7.058501334403996835e-07,1.000474120444351911e+00,1.080371903505819780e-07
7.068179167096545096e-07,1.000474120447286674e+00,1.064446661322422023e-07
7.077856999789091239e-07,1.000474120446446458e+00,1.050700928737953669e-07
7.087534832481637383e-07,1.000474120446764648e+00,1.036113086083645194e-07
7.097212665174183526e-07,1.000474120446345871e+00,1.024142953232667142e-07
7.106890497866729670e-07,1.000474120447695903e+00,1.011445775635677442e-07
7.116568330559275813e-07,1.000474120442785608e+00,1.001331612102531411e-07
7.126246163251821956e-07,1.000474120460284722e+00,9.953021351942668618e-08
7.135923995944368100e-07,1.000474120398524569e+00,9.905870003792937848e-08
7.145601828636914243e-07,1.000474120609228912e+00,9.861943589693108333e-08
7.155279661329460387e-07,1.000474119903310921e+00,9.810484561080875692e-08
7.164957494022006530e-07,1.000474122151192358e+00,9.711339605012437701e-08
7.174635326714552674e-07,1.000474115273771503e+00,9.543312870415457548e-08
7.184313159407098817e-07,1.000474134856529362e+00,9.292000510836475563e-08
7.193990992099644961e-07,1.000474088368853876e+00,9.007527182522286259e-08
7.203668824792191104e-07,1.000473036873218424e+00,8.735759912200692518e-08
7.213346657484737248e-07,1.000473044655815436e+00,8.441244052176822881e-08
7.223024490177283391e-07,1.000473050406757825e+00,8.188731640239502429e-08
7.232702322869829535e-07,1.000473046461970883e+00,7.973809376311756746e-08
7.242380155562375678e-07,1.000473048302413792e+00,7.806659270174303603e-08
7.252057988254921821e-07,1.000473047582363328e+00,7.652435542663987606e-08
7.261735820947467965e-07,1.000473047844147034e+00,7.495518711855461100e-08
7.271413653640014108e-07,1.000473047753275502e+00,7.323655444840396198e-08
7.281091486332562369e-07,1.000473047783309255e+00,7.154868325853620292e-08
7.290769319025108513e-07,1.000473047773651425e+00,6.953154078932646112e-08
7.300447151717654656e-07,1.000473047776646141e+00,6.789577172869105367e-08
7.310124984410200800e-07,1.000473047775754187e+00,6.648120934753832168e-08
7.319802817102746943e-07,1.000473047775956914e+00,6.533666947779432012e-08
7.329480649795293087e-07,1.000473047776100799e+00,6.434791069343091328e-08
7.339158482487839230e-07,1.000473047775408020e+00,6.348212735559165393e-08
7.348836315180385374e-07,1.000473047777592273e+00,6.325687034982301919e-08
7.358514147872931517e-07,1.000473047771452739e+00,6.287594091311732695e-08
7.368191980565477661e-07,1.000473047786561542e+00,6.234592859245649163e-08
7.377869813258023804e-07,1.000473047758701384e+00,6.197578936231081333e-08
7.387547645950569947e-07,1.000473047763368983e+00,6.175880213102036695e-08
7.397225478643116091e-07,1.000473048043121649e+00,6.194196716263763066e-08
7.406903311335662234e-07,1.000473046154248369e+00,6.160805155356396116e-08
7.416581144028208378e-07,1.000473055252955712e+00,6.214366537325441822e-08
7.426258976720754521e-07,1.000473017177127000e+00,6.266123426933609174e-08
7.435936809413300665e-07,1.000473161220808427e+00,6.339059601593625513e-08
7.445614642105846808e-07,1.000472541067592536e+00,6.418120130393368430e-08
7.455292474798392952e-07,1.000471858432079308e+00,6.506730690680383496e-08
7.464970307490939095e-07,1.000472004859258579e+00,6.591288742285601595e-08
7.474648140183485239e-07,1.000471968516090104e+00,6.599073680446125032e-08
7.484325972876033500e-07,1.000471976114394090e+00,6.540235710827447819e-08
7.494003805568579643e-07,1.000471975150806214e+00,6.437269153048684266e-08
7.503681638261125787e-07,1.000471974971445466e+00,6.205188527968257493e-08
7.513359470953671930e-07,1.000471975178231165e+00,5.919455282648067660e-08
7.523037303646218074e-07,1.000471975075640119e+00,5.616134681914665085e-08
7.532715136338764217e-07,1.000471975115559298e+00,5.308502524197994215e-08
7.542392969031310360e-07,1.000471975102111388e+00,5.074720315344855449e-08
7.552070801723856504e-07,1.000471975106101530e+00,4.842860990167372003e-08
7.561748634416402647e-07,1.000471975105065914e+00,4.640844104829407252e-08
7.571426467108948791e-07,1.000471975105279521e+00,4.513097058088009352e-08
7.581104299801494934e-07,1.000471975105257094e+00,4.347494342673071440e-08
7.590782132494041078e-07,1.000471975105258871e+00,4.250350528794413119e-08
7.600459965186587221e-07,1.000471975105202693e+00,4.194148607203218565e-08
7.610137797879133365e-07,1.000471975105460709e+00,4.137779284960876936e-08
7.619815630571679508e-07,1.000471975104576527e+00,4.033605457027744071e-08
7.629493463264225652e-07,1.000471975107100064e+00,3.994976728681189288e-08
7.639171295956771795e-07,1.000471975101556277e+00,3.931744384075124459e-08
7.648849128649317939e-07,1.000471975107822376e+00,3.870200164212290074e-08
7.658526961341864082e-07,1.000471975126420388e+00,3.809038450657465395e-08
7.668204794034410225e-07,1.000471974966398392e+00,3.764951516441567005e-08
7.677882626726956369e-07,1.000471975685289339e+00,3.788227903874095860e-08
7.687560459419502512e-07,1.000471973173880702e+00,3.763247365108451851e-08
7.697238292112050773e-07,1.000471980201538935e+00,3.767995169881389255e-08
7.706916124804596917e-07,1.000471965757449455e+00,3.809880189470209738e-08
7.716593957497143060e-07,1.000471976108566974e+00,3.914074099801959037e-08
7.726271790189689204e-07,1.000472051423663800e+00,4.012480489034942539e-08
7.735949622882235347e-07,1.000471201354974582e+00,4.103128137709753173e-08
7.745627455574781491e-07,1.000470798854741883e+00,4.268934423392877143e-08
7.755305288267327634e-07,1.000470933597752188e+00,4.472825666971234115e-08
7.764983120959873778e-07,1.000470895536729854e+00,4.611186740171868643e-08
7.774660953652419921e-07,1.000470902926572370e+00,4.773963802463512584e-08
7.784338786344966065e-07,1.000470902970037601e+00,4.848255698556785477e-08
7.794016619037512208e-07,1.000470902068187451e+00,4.877412241455706505e-08
7.803694451730058351e-07,1.000470902581610533e+00,4.828498568266853692e-08
7.813372284422604495e-07,1.000470902390524275e+00,4.721571544022831709e-08
7.823050117115150638e-07,1.000470902443387322e+00,4.554857164591834646e-08
7.832727949807696782e-07,1.000470902434571485e+00,4.309823476858859239e-08
7.842405782500242925e-07,1.000470902433448162e+00,4.108132124053274888e-08
7.852083615192789069e-07,1.000470902435186771e+00,3.891835409401823367e-08
7.861761447885335212e-07,1.000470902434333897e+00,3.708208182542389613e-08
7.871439280577881356e-07,1.000470902434617892e+00,3.536672721424321705e-08
7.881117113270427499e-07,1.000470902434552611e+00,3.370815362936001729e-08
7.890794945962973643e-07,1.000470902434553944e+00,3.281794963758855637e-08
7.900472778655519786e-07,1.000470902434577036e+00,3.134878078844098600e-08
7.910150611348068047e-07,1.000470902434506870e+00,3.059415073128265646e-08
7.919828444040614191e-07,1.000470902434686948e+00,2.920326042529571299e-08
7.929506276733160334e-07,1.000470902434410725e+00,2.843478874102860836e-08
7.939184109425706478e-07,1.000470902434180687e+00,2.727602556395998597e-08
7.948861942118252621e-07,1.000470902437397669e+00,2.649577963749620673e-08
7.958539774810798764e-07,1.000470902424281272e+00,2.573544298864006470e-08
7.968217607503344908e-07,1.000470902458556743e+00,2.502655911841714303e-08
7.977895440195891051e-07,1.000470902412050833e+00,2.483836571361726851e-08
7.987573272888437195e-07,1.000470902340919288e+00,2.450613539890746781e-08
7.997251105580983338e-07,1.000470903011905222e+00,2.405981088034351121e-08
8.006928938273529482e-07,1.000470900551332587e+00,2.333357007153013669e-08
8.016606770966075625e-07,1.000470906165956020e+00,2.333667712899602932e-08
8.026284603658621769e-07,1.000470901868976137e+00,2.305129694571897333e-08
8.035962436351167912e-07,1.000470877272573667e+00,2.316451529170363189e-08
8.045640269043714056e-07,1.000471016472491481e+00,2.307474876075952036e-08
8.055318101736260199e-07,1.000470558048471181e+00,2.343577300553314941e-08
8.064995934428806343e-07,1.000469762873521518e+00,2.401672321132701132e-08
8.074673767121352486e-07,1.000469807894015961e+00,2.502219701689207094e-08
8.084351599813898629e-07,1.000469850803807237e+00,2.614033213662650813e-08
8.094029432506444773e-07,1.000469821465710840e+00,2.762189417823677565e-08
8.103707265198990916e-07,1.000469831609365645e+00,2.901632408486910864e-08
8.113385097891537060e-07,1.000469829885299200e+00,3.034048357513282097e-08
8.123062930584085321e-07,1.000469829436841041e+00,3.174804728817876616e-08
8.132740763276631464e-07,1.000469829918758213e+00,3.335328281096257016e-08
8.142418595969177608e-07,1.000469829723795057e+00,3.422183411747208812e-08
8.152096428661723751e-07,1.000469829764732088e+00,3.538745959219114247e-08
8.161774261354269895e-07,1.000469829769290220e+00,3.547136080742287032e-08
8.171452094046816038e-07,1.000469829760955109e+00,3.586997357601337799e-08
8.181129926739362182e-07,1.000469829764675911e+00,3.495621025411079035e-08
8.190807759431908325e-07,1.000469829763828811e+00,3.445246195113572617e-08
8.200485592124454469e-07,1.000469829763763308e+00,3.314045174379700753e-08
8.210163424817000612e-07,1.000469829763922736e+00,3.076358937436959848e-08
8.219841257509546755e-07,1.000469829763850127e+00,2.883328495395874895e-08
8.229519090202092899e-07,1.000469829763866558e+00,2.741290213753281630e-08
8.239196922894639042e-07,1.000469829763869223e+00,2.483950129557319829e-08
8.248874755587185186e-07,1.000469829763861451e+00,2.322480308620056236e-08
8.258552588279731329e-07,1.000469829763873220e+00,2.132543389724606929e-08
8.268230420972277473e-07,1.000469829763868335e+00,1.971005872170538437e-08
8.277908253664823616e-07,1.000469829763812823e+00,1.819477438507004774e-08
8.287586086357369760e-07,1.000469829764045970e+00,1.681977501313700668e-08
8.297263919049915903e-07,1.000469829763604546e+00,1.623757937328772527e-08
8.306941751742462047e-07,1.000469829763497742e+00,1.475331590128894883e-08
8.316619584435008190e-07,1.000469829766813534e+00,1.438722879623309579e-08
8.326297417127554334e-07,1.000469829755944007e+00,1.327716482699407973e-08
8.335975249820102595e-07,1.000469829770145536e+00,1.299501460703046404e-08
8.345653082512648738e-07,1.000469829796089671e+00,1.241611357029973761e-08
8.355330915205194882e-07,1.000469829614296868e+00,1.221568593825991488e-08
8.365008747897741025e-07,1.000469830053701603e+00,1.202875070300356360e-08
8.374686580590287168e-07,1.000469829860351378e+00,1.220452030189497157e-08
8.384364413282833312e-07,1.000469827628907238e+00,1.178252381364606550e-08
8.394042245975379455e-07,1.000469836245723165e+00,1.211474842610882990e-08
8.403720078667925599e-07,1.000469823279291237e+00,1.191294706896886713e-08
8.413397911360471742e-07,1.000469807052357440e+00,1.208665973941072417e-08
8.423075744053017886e-07,1.000469940828454529e+00,1.227165270169342312e-08
8.432753576745564029e-07,1.000469603373244754e+00,1.313976688295788637e-08
8.442431409438110173e-07,1.000468790945591824e+00,1.312499232042236894e-08
8.452109242130656316e-07,1.000468677014653585e+00,1.403210990057253122e-08
8.461787074823202460e-07,1.000468788358234384e+00,1.495976199832289778e-08
8.471464907515748603e-07,1.000468754220916079e+00,1.528392532260557634e-08
8.481142740208294747e-07,1.000468753137848221e+00,1.638971749844311122e-08
8.490820572900840890e-07,1.000468759288334342e+00,1.793440915634061489e-08
8.500498405593387033e-07,1.000468756663164926e+00,1.962802303801790538e-08
8.510176238285933177e-07,1.000468756926667258e+00,2.159504013077196948e-08
8.519854070978479320e-07,1.000468757236294248e+00,2.348201716261845440e-08
8.529531903671025464e-07,1.000468757053699420e+00,2.508372137108288282e-08
8.539209736363573725e-07,1.000468757088225802e+00,2.522281904831582023e-08
8.548887569056119868e-07,1.000468757102151773e+00,2.502842298673080539e-08
8.558565401748666012e-07,1.000468757090042127e+00,2.405825721759189033e-08
8.568243234441212155e-07,1.000468757093168737e+00,2.274010791739884103e-08
8.577921067133758299e-07,1.000468757093725847e+00,2.198332318593963309e-08
8.587598899826304442e-07,1.000468757092939587e+00,2.097151141573563931e-08
8.597276732518850586e-07,1.000468757093188721e+00,1.961126086396172081e-08
8.606954565211396729e-07,1.000468757093206484e+00,1.834258703958903112e-08
8.616632397903942873e-07,1.000468757093155414e+00,1.680726851843223511e-08
8.626310230596489016e-07,1.000468757093174066e+00,1.514157309891316948e-08
8.635988063289035159e-07,1.000468757093174066e+00,1.376268448852752858e-08
8.645665895981581303e-07,1.000468757093171845e+00,1.281795914607774487e-08
8.655343728674127446e-07,1.000468757093171623e+00,1.180671880905132043e-08
8.665021561366673590e-07,1.000468757093168959e+00,1.081172717830229503e-08
8.674699394059219733e-07,1.000468757093185168e+00,1.013880795512737480e-08
8.684377226751765877e-07,1.000468757093160743e+00,9.280928966614963402e-09
8.694055059444312020e-07,1.000468757093125438e+00,8.191823358664308889e-09
8.703732892136858164e-07,1.000468757093353256e+00,8.123694164091992612e-09
8.713410724829404307e-07,1.000468757093015526e+00,7.591694835850197744e-09
8.723088557521950451e-07,1.000468757092499272e+00,7.249359056943495079e-09
8.732766390214496594e-07,1.000468757095653860e+00,6.743621957357810555e-09
8.742444222907042738e-07,1.000468757091304672e+00,6.881832228618825732e-09
8.752122055599590999e-07,1.000468757083243565e+00,6.279296476535268860e-09
8.761799888292137142e-07,1.000468757126337538e+00,6.706648814844895768e-09
8.771477720984683286e-07,1.000468757076203863e+00,6.402165256521887926e-09
8.781155553677229429e-07,1.000468756945922078e+00,6.242124075061434709e-09
8.790833386369775572e-07,1.000468757519175744e+00,6.324617632134482095e-09
8.800511219062321716e-07,1.000468757025450239e+00,6.643478165175223624e-09
8.810189051754867859e-07,1.000468754934085602e+00,6.859068877228396887e-09
8.819866884447414003e-07,1.000468762252284982e+00,7.010672782648122906e-09
8.829544717139960146e-07,1.000468758803776836e+00,7.121048936276758077e-09
8.839222549832506290e-07,1.000468726481144044e+00,7.815417888428747466e-09
8.848900382525052433e-07,1.000468814627572423e+00,7.738387781239215228e-09
8.858578215217598577e-07,1.000468817224066109e+00,8.178111320491738285e-09
8.868256047910144720e-07,1.000468179229435206e+00,8.629382928268634730e-09
8.877933880602690864e-07,1.000467598696001215e+00,8.746710441168549962e-09
8.887611713295237007e-07,1.000467641335096580e+00,8.900114548087433924e-09
8.897289545987783151e-07,1.000467715079076392e+00,9.147495876637574037e-09
8.906967378680329294e-07,1.000467680889327804e+00,8.573995470460066533e-09
8.916645211372875437e-07,1.000467679582224045e+00,8.713910363335797417e-09
8.926323044065421581e-07,1.000467686680976742e+00,8.528484496645823239e-09
8.936000876757967724e-07,1.000467684499510623e+00,9.074757285137189562e-09
8.945678709450513868e-07,1.000467683947551922e+00,9.450910403585774305e-09
8.955356542143060011e-07,1.000467684568106863e+00,9.986228572827182355e-09
8.965034374835608272e-07,1.000467684464578344e+00,1.090729863464224023e-08
8.974712207528154416e-07,1.000467684380602851e+00,1.133219297321831422e-08
8.984390040220700559e-07,1.000467684429031223e+00,1.130653835688859224e-08
8.994067872913246703e-07,1.000467684428800075e+00,1.113878364805459796e-08
9.003745705605792846e-07,1.000467684419267034e+00,1.098376483895239538e-08
9.013423538298338990e-07,1.000467684422368109e+00,1.024743863456140914e-08
9.023101370990885133e-07,1.000467684423168135e+00,9.793206992922406324e-09
9.032779203683431277e-07,1.000467684422281733e+00,9.039958121422495651e-09
9.042457036375977420e-07,1.000467684422402970e+00,8.603333282901213614e-09
9.052134869068523563e-07,1.000467684422539971e+00,7.985907402957507952e-09
9.061812701761069707e-07,1.000467684422473136e+00,6.995211953004599243e-09
9.071490534453615850e-07,1.000467684422467141e+00,6.609370842946701805e-09
9.081168367146161994e-07,1.000467684422482684e+00,6.185859644004344151e-09
9.090846199838708137e-07,1.000467684422479353e+00,5.788716473759763395e-09
9.100524032531254281e-07,1.000467684422477355e+00,5.313179198547740715e-09
9.110201865223800424e-07,1.000467684422478687e+00,4.668088055245527758e-09
9.119879697916346568e-07,1.000467684422478909e+00,4.307867014874944326e-09
9.129557530608892711e-07,1.000467684422478243e+00,4.146684611120894308e-09
9.139235363301438855e-07,1.000467684422478465e+00,3.882027399640060713e-09
9.148913195993984998e-07,1.000467684422479353e+00,3.465807523578283824e-09
9.158591028686531142e-07,1.000467684422477577e+00,3.324435926916106082e-09
9.168268861379077285e-07,1.000467684422474912e+00,3.024715558860588842e-09
9.177946694071625546e-07,1.000467684422488013e+00,3.126195177379395715e-09
9.187624526764171690e-07,1.000467684422484460e+00,3.130059282421557949e-09
9.197302359456717833e-07,1.000467684422426062e+00,2.753600311601504817e-09
9.206980192149263976e-07,1.000467684422520209e+00,2.967484491667255852e-09
9.216658024841810120e-07,1.000467684422679415e+00,2.744751020481226024e-09
9.226335857534356263e-07,1.000467684422019721e+00,2.765656741526011018e-09
9.236013690226902407e-07,1.000467684422051251e+00,2.679168785865763861e-09
9.245691522919448550e-07,1.000467684425117465e+00,2.643300019365852166e-09
9.255369355611994694e-07,1.000467684421261660e+00,2.805312269283348588e-09
9.265047188304540837e-07,1.000467684411517899e+00,2.711100454571210597e-09
9.274725020997086981e-07,1.000467684441644689e+00,2.710039461947588847e-09
9.284402853689633124e-07,1.000467684453456352e+00,2.911427095733643163e-09
9.294080686382179268e-07,1.000467684298986359e+00,2.923136391151556746e-09
9.303758519074725411e-07,1.000467684408954394e+00,2.876439036596193458e-09
9.313436351767271555e-07,1.000467684993740614e+00,2.890314650172980789e-09
9.323114184459817698e-07,1.000467683823108800e+00,3.098954859479143883e-09
9.332792017152363841e-07,1.000467682374017286e+00,2.947621116960931633e-09
9.342469849844909985e-07,1.000467689346780098e+00,2.865439286430464528e-09
9.352147682537456128e-07,1.000467689115465131e+00,3.069714691180695424e-09
9.361825515230002272e-07,1.000467657683024481e+00,3.362328971515270052e-09
9.371503347922548415e-07,1.000467689662377868e+00,3.830493732868821125e-09
9.381181180615094559e-07,1.000467799486337128e+00,4.266003555218102886e-09
9.390859013307642820e-07,1.000467538849917570e+00,4.857991497544833804e-09
9.400536846000188963e-07,1.000466853968560166e+00,5.503611322506707845e-09
9.410214678692735107e-07,1.000466498237146284e+00,6.101613763665865728e-09
9.419892511385281250e-07,1.000466585123593877e+00,6.915980543214490306e-09
9.429570344077827394e-07,1.000466642487172431e+00,7.428609220957200059e-09
9.439248176770373537e-07,1.000466611267202266e+00,7.878234507598929216e-09
9.448926009462919681e-07,1.000466604669727699e+00,7.936675412405978023e-09
9.458603842155465824e-07,1.000466613165560181e+00,7.632942330479254124e-09
9.468281674848011967e-07,1.000466613129964211e+00,6.982847112015295988e-09
9.477959507540558111e-07,1.000466611190340194e+00,6.269377711067227651e-09
9.487637340233104254e-07,1.000466611539339024e+00,5.478098785077179053e-09
9.497315172925650398e-07,1.000466611917561144e+00,4.815258933643352335e-09
9.506993005618196541e-07,1.000466611770379322e+00,4.151624158102056111e-09
9.516670838310742685e-07,1.000466611709918574e+00,3.830641047191569870e-09
9.526348671003288828e-07,1.000466611754898150e+00,3.511735547025671456e-09
9.536026503695834972e-07,1.000466611761294145e+00,2.870829425911680342e-09
9.545704336388381115e-07,1.000466611749594836e+00,2.760126929200463179e-09
9.555382169080927259e-07,1.000466611749876611e+00,2.897896116904745750e-09
9.565060001773473402e-07,1.000466611752580226e+00,2.654360624237517439e-09
9.574737834466019546e-07,1.000466611752115709e+00,2.444785387658026001e-09
9.584415667158565689e-07,1.000466611751551049e+00,2.265796277383364830e-09
9.594093499851113950e-07,1.000466611751743340e+00,2.115173657711234274e-09
9.603771332543660094e-07,1.000466611751846147e+00,1.921202929498517584e-09
9.613449165236206237e-07,1.000466611751785084e+00,1.824628458526114592e-09
9.623126997928752380e-07,1.000466611751769763e+00,1.693942223621547278e-09
9.632804830621298524e-07,1.000466611751786639e+00,1.594803651626953670e-09
9.642482663313844667e-07,1.000466611751788193e+00,1.491800122055379497e-09
9.652160496006390811e-07,1.000466611751783974e+00,1.647152059275072269e-09
9.661838328698936954e-07,1.000466611751783974e+00,1.388545140455824276e-09
9.671516161391483098e-07,1.000466611751784862e+00,1.362350528119956647e-09
9.681193994084029241e-07,1.000466611751784862e+00,1.144530608745850267e-09
9.690871826776575385e-07,1.000466611751784418e+00,1.171890890951721140e-09
9.700549659469121528e-07,1.000466611751784640e+00,9.794168643009080039e-10
9.710227492161667672e-07,1.000466611751784640e+00,7.984995749507475489e-10
9.719905324854213815e-07,1.000466611751784640e+00,9.797689322802081537e-10
9.729583157546759959e-07,1.000466611751784196e+00,6.859614760438305182e-10
9.739260990239306102e-07,1.000466611751784640e+00,6.844410958170989184e-10
9.748938822931852245e-07,1.000466611751785528e+00,7.675706624786275883e-10
9.758616655624398389e-07,1.000466611751784418e+00,6.721807812473578713e-10
9.768294488316944532e-07,1.000466611751780643e+00,5.162475994962443299e-10
9.777972321009490676e-07,1.000466611751787305e+00,5.474534742415502154e-10
9.787650153702036819e-07,1.000466611751799295e+00,6.836066825060711305e-10
9.797327986394582963e-07,1.000466611751769319e+00,5.636569899369011404e-10
9.807005819087131224e-07,1.000466611751730461e+00,5.763334488664782979e-10
9.816683651779677367e-07,1.000466611751862800e+00,5.667906978100023945e-10
9.826361484472223511e-07,1.000466611751981594e+00,7.270257520839195403e-10
9.836039317164769654e-07,1.000466611751422707e+00,8.220406161872980723e-10
9.845717149857315798e-07,1.000466611751092305e+00,1.013102655786296058e-09
9.855394982549861941e-07,1.000466611753387580e+00,1.194414390599152072e-09
9.865072815242408085e-07,1.000466611754169177e+00,1.331415511094815929e-09
9.874750647934954228e-07,1.000466611744958767e+00,1.616501769685147118e-09
9.884428480627500371e-07,1.000466611743647372e+00,1.776511406421773395e-09
9.894106313320046515e-07,1.000466611779744275e+00,2.521918163302522304e-09
9.903784146012592658e-07,1.000466611778693116e+00,3.850514229736477832e-09
9.913461978705138802e-07,1.000466611638738845e+00,7.027416874179375572e-09
9.923139811397684945e-07,1.000466611662477412e+00,5.326081727636569555e-09
9.932817644090231089e-07,1.000466612197403737e+00,3.969386128511143561e-09
9.942495476782777232e-07,1.000466612039563996e+00,4.416483887415759753e-09
9.952173309475323376e-07,1.000466610005105839e+00,4.255204660436627726e-09
9.961851142167869519e-07,1.000466610801334921e+00,3.649809051334673641e-09
9.971528974860415663e-07,1.000466618471593794e+00,2.018895248060006137e-09
9.981206807552961806e-07,1.000466614831695855e+00,3.108292006586808656e-09
9.990884640245507950e-07,1.000466585982433987e+00,1.987527515752686645e-09
1.000056247293805409e-06,1.000466601544533152e+00,1.491537170337218797e-09
1.001024030563060024e-06,1.000466709973001578e+00,1.820492186250518312e-09
1.001991813832314850e-06,1.000466648492433830e+00,1.464362192228690853e-09
1.002959597101569464e-06,1.000466151064948850e+00,9.211705864019455669e-10
1.003927380370824078e-06,1.000465582918718122e+00,1.338011147776942145e-09
1.004895163640078693e-06,1.000465424270866377e+00,7.369456878695903922e-10
1.005862946909333307e-06,1.000465526316979492e+00,1.142921908845583478e-09
1.006830730178587921e-06,1.000465569999521520e+00,6.984543533542683004e-10
1.007798513447842536e-06,1.000465542862280399e+00,5.768069252917023981e-10
1.008766296717097150e-06,1.000465530714166107e+00,9.355372049977553584e-10
1.009734079986351765e-06,1.000465537906005453e+00,6.660288840578195904e-10
1.010701863255606379e-06,1.000465541355564980e+00,6.192901524397921554e-10
1.011669646524860993e-06,1.000465539469441278e+00,6.403352582193045781e-10
1.012637429794115608e-06,1.000465538467658178e+00,6.521361378505590332e-10
1.013605213063370222e-06,1.000465538955215061e+00,5.722732797346019552e-10
1.014572996332624836e-06,1.000465539247237690e+00,5.235495620744367523e-10
1.015540779601879451e-06,1.000465539123046588e+00,4.885000508022806501e-10
1.016508562871134065e-06,1.000465539036661244e+00,5.606994284387850832e-10
1.017476346140388679e-06,1.000465539067465492e+00,4.870212981128872527e-10
1.018444129409643294e-06,1.000465539092956435e+00,4.217036936055885240e-10
1.019411912678897908e-06,1.000465539085561018e+00,4.471314745139709960e-10
1.020379695948152522e-06,1.000465539077990407e+00,3.282545512959224949e-10
1.021347479217407137e-06,1.000465539079663069e+00,4.877165630926757230e-10
1.022315262486661751e-06,1.000465539081890176e+00,3.927018742101055116e-10
1.023283045755916577e-06,1.000465539081542898e+00,3.715307093452161491e-10
1.024250829025171191e-06,1.000465539080890309e+00,3.938157053360148130e-10
1.025218612294425806e-06,1.000465539080948707e+00,4.152610557616982205e-10
1.026186395563680420e-06,1.000465539081138555e+00,3.466342744247744034e-10
1.027154178832935035e-06,1.000465539081135002e+00,3.144288518159312237e-10
1.028121962102189649e-06,1.000465539081080601e+00,3.740606255388624585e-10
1.029089745371444263e-06,1.000465539081077715e+00,4.078363135882401302e-10
1.030057528640698878e-06,1.000465539081093036e+00,3.712900227301784778e-10
1.031025311909953492e-06,1.000465539081095034e+00,3.516912871816647105e-10
1.031993095179208106e-06,1.000465539081090816e+00,4.691139020564909943e-10
1.032960878448462721e-06,1.000465539081089705e+00,4.922548577126207882e-10
1.033928661717717335e-06,1.000465539081091038e+00,4.446566406670690693e-10
1.034896444986971949e-06,1.000465539081091482e+00,4.047060952341092437e-10
1.035864228256226564e-06,1.000465539081091038e+00,5.510786656706708772e-10
1.036832011525481178e-06,1.000465539081091038e+00,4.994514170100779052e-10
1.037799794794735792e-06,1.000465539081091038e+00,5.576386580534171401e-10
1.038767578063990407e-06,1.000465539081091038e+00,4.655369829770931965e-10
1.039735361333245021e-06,1.000465539081091038e+00,6.076118271172697935e-10
1.040703144602499635e-06,1.000465539081091038e+00,6.605036283737838881e-10
1.041670927871754250e-06,1.000465539081091038e+00,6.627058037108800708e-10
1.042638711141008864e-06,1.000465539081091038e+00,7.032276173144173207e-10
1.043606494410263690e-06,1.000465539081091038e+00,8.868863743919027298e-10
1.044574277679518304e-06,1.000465539081091038e+00,1.015487902289246673e-09
1.045542060948772919e-06,1.000465539081091038e+00,1.572198538146747456e-09
1.046509844218027533e-06,1.000465539081091038e+00,1.659703111958215648e-09
1.047477627487282148e-06,1.000465539081091038e+00,1.377667426886804009e-09
1.048445410756536762e-06,1.000465539081091038e+00,1.081950620947501728e-09
1.049413194025791376e-06,1.000465539081090593e+00,1.425720489147356313e-09
1.050380977295045991e-06,1.000465539081090816e+00,1.437039378590266027e-09
1.051348760564300605e-06,1.000465539081091482e+00,1.002071314259112316e-09
1.052316543833555219e-06,1.000465539081091926e+00,9.141127417008188573e-10
1.053284327102809834e-06,1.000465539081089483e+00,1.039796531924517708e-09
1.054252110372064448e-06,1.000465539081087263e+00,6.342673929932568350e-10
1.055219893641319062e-06,1.000465539081094368e+00,8.850265319278998690e-10
1.056187676910573677e-06,1.000465539081105248e+00,5.796689867457930676e-10
1.057155460179828291e-06,1.000465539081088817e+00,6.210218917287812530e-10
1.058123243449082905e-06,1.000465539081041522e+00,5.625812168987935818e-10
1.059091026718337520e-06,1.000465539081069499e+00,6.857813842680966877e-10
1.060058809987592346e-06,1.000465539081243138e+00,6.326965257149958194e-10
1.061026593256846960e-06,1.000465539081245581e+00,6.678453520382405386e-10
1.061994376526101574e-06,1.000465539080679589e+00,4.725142753570309767e-10
1.062962159795356189e-06,1.000465539080355182e+00,5.862850230654047849e-10
1.063929943064610803e-06,1.000465539081951460e+00,6.139511799502735395e-10
1.064897726333865418e-06,1.000465539083978950e+00,6.938063986189818449e-10
1.065865509603120032e-06,1.000465539080252153e+00,7.627827162144971020e-10
1.066833292872374646e-06,1.000465539071111021e+00,6.382016659049445877e-10
1.067801076141629261e-06,1.000465539077206145e+00,6.644044560741159400e-10
1.068768859410883875e-06,1.000465539111414337e+00,6.094719636562956887e-10
1.069736642680138489e-06,1.000465539112879831e+00,6.495145727922499554e-10
1.070704425949393104e-06,1.000465539004781190e+00,5.892516576159974998e-10
1.071672209218647718e-06,1.000465538932097553e+00,5.055952221302760727e-10
1.072639992487902332e-06,1.000465539217750166e+00,5.305863227277649377e-10
1.073607775757156947e-06,1.000465539649368907e+00,5.385265772964490547e-10
1.074575559026411561e-06,1.000465539080760413e+00,5.296435877535173635e-10
1.075543342295666175e-06,1.000465537248670822e+00,5.999364197762984897e-10
1.076511125564920790e-06,1.000465537789460901e+00,4.699560849670869295e-10
1.077478908834175404e-06,1.000465544054216727e+00,4.611771161839017082e-10
1.078446692103430018e-06,1.000465546574724751e+00,4.835577935236333946e-10
1.079414475372684633e-06,1.000465529210762261e+00,4.982712087335860582e-10
1.080382258641939247e-06,1.000465508671120940e+00,4.436052840072047158e-10
1.081350041911194073e-06,1.000465545343780960e+00,3.933470247552669051e-10
1.082317825180448688e-06,1.000465640564510261e+00,4.227773497892885034e-10
1.083285608449703302e-06,1.000465598206109918e+00,4.603034863793202253e-10
1.084253391718957916e-06,1.000465225683043524e+00,4.571172430004638016e-10
1.085221174988212531e-06,1.000464699971724158e+00,4.142355686612747385e-10
1.086188958257467145e-06,1.000464380434350486e+00,4.005010983166510591e-10
1.087156741526721759e-06,1.000464374842289228e+00,4.255874411045143642e-10
1.088124524795976374e-06,1.000464471356011575e+00,4.317875245388281472e-10
1.089092308065230988e-06,1.000464497034109224e+00,4.506582397721863843e-10
1.090060091334485602e-06,1.000464473655295672e+00,4.245217106028488328e-10
1.091027874603740217e-06,1.000464458289751279e+00,4.526545247045355606e-10
1.091995657872994831e-06,1.000464461700699692e+00,4.590466920099216282e-10
1.092963441142249445e-06,1.000464467887500097e+00,3.551409164570138374e-10
1.093931224411504060e-06,1.000464468351260017e+00,4.586946752936494653e-10
1.094899007680758674e-06,1.000464466471096658e+00,3.468280385653698297e-10
1.095866790950013288e-06,1.000464465798474700e+00,4.962029207289530007e-10
1.096834574219267903e-06,1.000464466200662317e+00,4.915344185449461858e-10
1.097802357488522517e-06,1.000464466556940435e+00,3.699651687817865615e-10
1.098770140757777131e-06,1.000464466523764751e+00,3.822188422306881002e-10
1.099737924027031746e-06,1.000464466392977592e+00,4.648320819290920476e-10
1.100705707296286360e-06,1.000464466368217842e+00,4.578420255542076678e-11
1.101673490565541186e-06,1.000464466402781971e+00,-5.833783430516528661e-12
1.102641273834795801e-06,1.000464466422182674e+00,1.690963261824858417e-14
1.103609057104050415e-06,1.000464466416799869e+00,3.174803155460269270e-13
1.104576840373305029e-06,1.000464466408255371e+00,-1.492017618443802694e-13
1.105544623642559644e-06,1.000464466407604336e+00,5.052353066982557247e-14
1.106512406911814258e-06,1.000464466410232678e+00,-1.563464074898565527e-14
1.107480190181068872e-06,1.000464466411272291e+00,4.486882614772783184e-15
1.108447973450323487e-06,1.000464466410756037e+00,-1.224864126005683264e-15
1.109415756719578101e-06,1.000464466410206921e+00,3.252746197115656461e-16
1.110383539988832715e-06,1.000464466410212694e+00,-8.247188467957497308e-17
1.111351323258087330e-06,1.000464466410402764e+00,2.048062933668615015e-17
1.112319106527341944e-06,1.000464466410460274e+00,-4.956795722590005407e-18
1.113286889796596558e-06,1.000464466410417863e+00,1.191613768817500079e-18
1.114254673065851173e-06,1.000464466410382336e+00,-2.730458727088381015e-19
1.115222456335105787e-06,1.000464466410385000e+00,6.071627837716342813e-20
1.116190239604360401e-06,1.000464466410398545e+00,-1.297529503041982875e-20
1.117158022873615016e-06,1.000464466410401654e+00,2.633814462151972072e-21
1.118125806142869630e-06,1.000464466410398545e+00,-5.266931334280032218e-22
1.119093589412124244e-06,1.000464466410396325e+00,8.854513774130638583e-23
1.120061372681378859e-06,1.000464466410396325e+00,-1.114241929163665654e-23
1.121029155950633473e-06,1.000464466410397435e+00,5.224577277783726911e-26
1.121996939219888087e-06,1.000464466410397657e+00,6.542379355746085616e-25
1.122964722489142914e-06,1.000464466410397435e+00,-2.946126976261235737e-25
1.123932505758397528e-06,1.000464466410396991e+00,1.132720755468574949e-25
1.124900289027652142e-06,1.000464466410397213e+00,-3.798412658170113834e-26
1.125868072296906757e-06,1.000464466410397213e+00,1.191649334324774741e-26
1.126835855566161371e-06,1.000464466410397213e+00,-3.453494524650071197e-27
1.127803638835415985e-06,1.000464466410397213e+00,1.008225523080445189e-27
1.128771422104670600e-06,1.000464466410397213e+00,-2.880127309947472626e-28
1.129739205373925214e-06,1.000464466410397213e+00,8.101682598153855635e-29
1.130706988643179828e-06,1.000464466410397213e+00,-2.266558859806690076e-29
1.131674771912434443e-06,1.000464466410397213e+00,6.141010728053646624e-30
1.132642555181689057e-06,1.000464466410397213e+00,-1.682767774643037546e-30
1.133610338450943671e-06,1.000464466410397213e+00,4.586086187772943437e-31
1.134578121720198286e-06,1.000464466410397213e+00,-1.245283521428270975e-31
1.135545904989452900e-06,1.000464466410397213e+00,3.396448422106552389e-32
1.136513688258707514e-06,1.000464466410397213e+00,-9.057051053568801015e-33
1.137481471527962129e-06,1.000464466410397213e+00,2.442256108860738366e-33
1.138449254797216743e-06,1.000464466410397213e+00,-6.580372821879463574e-34
1.139417038066471357e-06,1.000464466410397213e+00,1.785577815450830746e-34
1.140384821335725972e-06,1.000464466410397213e+00,-4.745920119191751499e-35
1.141352604604980586e-06,1.000464466410397213e+00,1.275393711274797309e-35
1.142320387874235200e-06,1.000464466410397213e+00,-3.425561075880382555e-36
1.143288171143489815e-06,1.000464466410397213e+00,9.199898802503347794e-37
1.144255954412744641e-06,1.000464466410397213e+00,-2.488195565673493616e-37
1.145223737681999255e-06,1.000464466410397213e+00,6.582644856936599215e-38
1.146191520951253870e-06,1.000464466410397213e+00,-1.760382720617020403e-38
1.147159304220508484e-06,1.000464466410397213e+00,4.700789131992255628e-39
1.148127087489763098e-06,1.000464466410397213e+00,-1.260747054669454974e-39
1.149094870759017713e-06,1.000464466410396769e+00,3.290666062736531794e-40
1.150062654028272327e-06,1.000464466410396991e+00,-8.678265871178348191e-41
1.151030437297526941e-06,1.000464466410397435e+00,2.274982913360891047e-41
1.151998220566781556e-06,1.000464466410398323e+00,-5.919953690623401022e-42
1.152966003836036170e-06,1.000464466410397657e+00,1.533344757165747144e-42
1.153933787105290784e-06,1.000464466410394992e+00,-3.786854475445613631e-43
1.154901570374545399e-06,1.000464466410393438e+00,9.401671461544537879e-44
1.155869353643800013e-06,1.000464466410398101e+00,-2.272242926233413874e-44
1.156837136913054627e-06,1.000464466410409203e+00,5.279332235599672746e-45
1.157804920182309242e-06,1.000464466410409425e+00,-1.155319352899231641e-45
1.158772703451563856e-06,1.000464466410379671e+00,1.999930183446238722e-46
1.159740486720818470e-06,1.000464466410344366e+00,-2.546920635823749775e-47
1.160708269990073085e-06,1.000464466410374342e+00,-2.119883871435817903e-48
1.161676053259327699e-06,1.000464466410516007e+00,3.388524191459644530e-48
1.162643836528582314e-06,1.000464466410599496e+00,-1.951060948825497196e-48
1.163611619797836928e-06,1.000464466410350584e+00,7.849819989848858492e-49
1.164579403067091542e-06,1.000464466409778819e+00,-2.872434007970794602e-49
1.165547186336346368e-06,1.000464466409739517e+00,9.908301212991076380e-50
1.166514969605600983e-06,1.000464466411197018e+00,-3.282271480540616223e-50
1.167482752874855597e-06,1.000464466413136799e+00,1.078653802740703345e-50
1.168450536144110211e-06,1.000464466411962183e+00,-3.340926417901318452e-51
1.169418319413364826e-06,1.000464466404885400e+00,1.013161401887464705e-51
1.170386102682619440e-06,1.000464466399511254e+00,-3.009846798682125794e-52
1.171353885951874054e-06,1.000464466409685782e+00,8.865396416674614578e-53
1.172321669221128669e-06,1.000464466439364708e+00,-2.498683924344107411e-53
1.173289452490383283e-06,1.000464466448733214e+00,6.910748779715126939e-54
1.174257235759637897e-06,1.000464466386534301e+00,-1.858436011552686493e-54
1.175225019028892512e-06,1.000464466276584696e+00,4.827882010737112840e-55
1.176192802298147126e-06,1.000464466292519949e+00,-1.203148391014667507e-55
1.177160585567401740e-06,1.000464466607920544e+00,2.688007782369257549e-56
1.178128368836656355e-06,1.000464466968457700e+00,-5.352597405267814429e-57
1.179096152105910969e-06,1.000464466681944220e+00,7.512546893339076643e-58
1.180063935375165584e-06,1.000464465260365143e+00,4.020918197484341115e-59
1.181031718644420198e-06,1.000464464249666063e+00,-9.225360308698865462e-59
1.181999501913674812e-06,1.000464466279891607e+00,5.279896087170762123e-59
1.182967285182929427e-06,1.000464472100221380e+00,-2.154758681475879911e-59
1.183935068452184041e-06,1.000464474210096100e+00,7.803488485437012071e-60
1.184902851721438655e-06,1.000464462907967089e+00,-2.616470546894211092e-60
1.185870634990693270e-06,1.000464441044304431e+00,8.384789261774254310e-61
1.186838418259948096e-06,1.000464440722908632e+00,-2.488305612411051147e-61
1.187806201529202710e-06,1.000464496486070942e+00,7.044099821448306630e-62
1.188773984798457324e-06,1.000464573093332810e+00,-1.881771308982998332e-62
1.189741768067711939e-06,1.000464542943267920e+00,4.661057943864054367e-63
1.190709551336966553e-06,1.000464283328190707e+00,-1.028728384244772596e-63
1.191677334606221167e-06,1.000463853254498270e+00,1.628236737971421594e-64
1.192645117875475782e-06,1.000463458859705002e+00,-2.797748919395095938e-66
1.193612901144730396e-06,1.000463285101555799e+00,-1.399448732113707062e-65
1.194580684413985010e-06,1.000463305499659006e+00,8.454086829993668757e-66
1.195548467683239625e-06,1.000463388686530397e+00,-3.621829005145926218e-66
1.196516250952494239e-06,1.000463424659590705e+00,1.351820051109419342e-66
1.197484034221748853e-06,1.000463414130473128e+00,-4.420745124693626623e-67
1.198451817491003468e-06,1.000463392374072003e+00,1.336372183613624441e-67
1.199419600760258082e-06,1.000463385253964166e+00,-3.729289624272201975e-68
1.200387384029512697e-06,1.000463389137949966e+00,9.495771029295261103e-69
1.201355167298767311e-06,1.000463394660892957e+00,-1.993632883667631767e-69
1.202322950568021925e-06,1.000463396013386852e+00,2.865169510560358951e-70
1.203290733837276540e-06,1.000463394766678116e+00,2.580114777321246717e-71
1.204258517106531154e-06,1.000463393388042910e+00,-4.401425308115788707e-71
1.205226300375785768e-06,1.000463393144880087e+00,2.319662010247984258e-71
1.206194083645040383e-06,1.000463393517913246e+00,-9.472469809826143743e-72
1.207161866914295209e-06,1.000463393856548144e+00,3.226138889257073899e-72
1.208129650183549823e-06,1.000463393894788444e+00,-9.860539951154828393e-73
1.209097433452804437e-06,1.000463393787494937e+00,2.701577048223359167e-73
1.210065216722059052e-06,1.000463393704358550e+00,-6.438427144849791157e-74
1.211032999991313666e-06,1.000463393699754455e+00,1.091824039249139138e-74
1.212000783260568280e-06,1.000463393729764672e+00,-1.560941522075676465e-76
1.212968566529822895e-06,1.000463393750066210e+00,-1.044212946490459675e-75
1.213936349799077509e-06,1.000463393750057550e+00,6.251988378661186137e-76
1.214904133068332123e-06,1.000463393741796603e+00,-2.602436169424754583e-76
1.215871916337586738e-06,1.000463393736781059e+00,9.150885163318444129e-77
1.216839699606841352e-06,1.000463393737033302e+00,-2.730815562093946146e-77
1.217807482876095967e-06,1.000463393739277951e+00,7.076211597118195349e-78
1.218775266145350581e-06,1.000463393740519402e+00,-1.455262609384250061e-78
1.219743049414605195e-06,1.000463393740396834e+00,1.413733684748368258e-79
1.220710832683859810e-06,1.000463393739789986e+00,7.111632951390433844e-80
1.221678615953114424e-06,1.000463393739477791e+00,-5.872550919907496465e-80
1.222646399222369038e-06,1.000463393739520646e+00,2.601013628840506293e-80
1.223614182491623653e-06,1.000463393739684070e+00,-9.213377095795548281e-81
1.224581965760878267e-06,1.000463393739764673e+00,2.771624806466798040e-81
1.225549749030132881e-06,1.000463393739751794e+00,-7.009823760789191833e-82
1.226517532299387496e-06,1.000463393739707607e+00,1.218391770371962568e-82
1.227485315568642110e-06,1.000463393739686735e+00,8.494555479392120099e-85
1.228453098837896936e-06,1.000463393739690510e+00,-1.398382370961141778e-83
1.229420882107151550e-06,1.000463393739702278e+00,7.995300238709263115e-84
1.230388665376406165e-06,1.000463393739707829e+00,-3.175584756037564932e-84
1.231356448645660779e-06,1.000463393739706719e+00,1.035081172678510038e-84
1.232324231914915393e-06,1.000463393739703832e+00,-2.697575452668511726e-85
1.233292015184170008e-06,1.000463393739702056e+00,5.138005667190557806e-86
1.234259798453424622e-06,1.000463393739702278e+00,-1.238911724870701931e-87
1.235227581722679237e-06,1.000463393739703166e+00,-5.101063616954000828e-87
1.236195364991933851e-06,1.000463393739703832e+00,3.076544002758279284e-87
1.237163148261188465e-06,1.000463393739703388e+00,-1.249175026552041983e-87
1.238130931530443080e-06,1.000463393739703166e+00,3.909166135264996328e-88
1.239098714799697694e-06,1.000463393739703166e+00,-9.726263123541780018e-89
1.240066498068952308e-06,1.000463393739703388e+00,1.517457869126221292e-89
1.241034281338206923e-06,1.000463393739703610e+00,2.007691721070934077e-90
1.242002064607461537e-06,1.000463393739703388e+00,-3.039024452212820049e-90
1.242969847876716151e-06,1.000463393739703388e+00,1.475043791675444358e-90
1.243937631145970766e-06,1.000463393739703388e+00,-5.227000288656614656e-91
1.244905414415225380e-06,1.000463393739703388e+00,1.453858539045642373e-91
1.245873197684479994e-06,1.000463393739703388e+00,-2.827493347251503101e-92
1.246840980953734609e-06,1.000463393739703388e+00,2.198860145372027879e-94
1.247808764222989223e-06,1.000463393739703388e+00,3.395532311369993406e-93
1.248776547492243837e-06,1.000463393739703388e+00,-1.902194511934926748e-93
1.249744330761498663e-06,1.000463393739703388e+00,7.147592640972894361e-94
1.250712114030753278e-06,1.000463393739703388e+00,-2.053370278457484702e-94
1.251679897300007892e-06,1.000463393739703388e+00,4.080348231883051538e-95
1.252647680569262506e-06,1.000463393739703388e+00,4.519856711155060799e-97
1.253615463838517121e-06,1.000463393739703388e+00,-5.046934675450257548e-96
1.254583247107771735e-06,1.000463393739703388e+00,2.796582381731458879e-96
1.255551030377026350e-06,1.000463393739703388e+00,-1.028222042357149986e-96
1.256518813646280964e-06,1.000463393739703388e+00,2.814135246809911061e-97
1.257486596915535578e-06,1.000463393739703388e+00,-4.739437593415946216e-98
1.258454380184790193e-06,1.000463393739703388e+00,-7.037990920470577018e-99
1.259422163454044807e-06,1.000463393739703388e+00,9.560143545218281811e-99
1.260389946723299421e-06,1.000463393739703388e+00,-4.550350135248282409e-99
1.261357729992554036e-06,1.000463393739703388e+00,1.506410846798544274e-99
1.262325513261808650e-06,1.000463393739703388e+00,-3.507134371706374329e-100
1.263293296531063264e-06,1.000463393739703388e+00,2.694128744174050132e-101
1.264261079800317879e-06,1.000463393739703388e+00,3.007097234680815608e-101
1.265228863069572493e-06,1.000463393739703388e+00,-1.954063176281566861e-101
1.266196646338827107e-06,1.000463393739703388e+00,7.496682635077279900e-102
1.267164429608081722e-06,1.000463393739703388e+00,-2.030821235728653696e-102
1.268132212877336336e-06,1.000463393739703388e+00,2.915434696433942805e-103
1.269099996146590950e-06,1.000463393739703388e+00,9.456514996578644361e-104
1.270067779415845565e-06,1.000463393739703388e+00,-8.719698231968581053e-104
1.271035562685100391e-06,1.000463393739703388e+00,3.723972822741103746e-104
1.272003345954355005e-06,1.000463393739703388e+00,-1.088752963129054707e-104
1.272971129223609620e-06,1.000463393739703388e+00,1.823597229588496368e-105
1.273938912492864234e-06,1.000463393739703388e+00,3.239798141890400629e-106
1.274906695762118848e-06,1.000463393739703388e+00,-4.276767670777528507e-106
1.275874479031373463e-06,1.000463393739703388e+00,1.913271202516487610e-106
1.276842262300628077e-06,1.000463393739703388e+00,-5.690023135856499202e-107
1.277810045569882691e-06,1.000463393739703388e+00,9.411293949187019733e-108
1.278777828839137306e-06,1.000463393739703388e+00,1.920253510249513932e-108
1.279745612108391920e-06,1.000463393739703388e+00,-2.352382501207148960e-108
1.280713395377646534e-06,1.000463393739703388e+00,1.025301704462359176e-108
1.281681178646901149e-06,1.000463393739703388e+00,-2.913045493709603541e-109
1.282648961916155763e-06,1.000463393739703388e+00,3.949803046000472481e-110
1.283616745185410377e-06,1.000463393739703388e+00,1.601608232132892889e-110
1.284584528454664992e-06,1.000463393739703388e+00,-1.390412181130388707e-110
1.285552311723919606e-06,1.000463393739702944e+00,5.670004952844961115e-111
1.286520094993174220e-06,1.000463393739703166e+00,-1.413227181086905388e-111
1.287487878262428835e-06,1.000463393739703388e+00,8.761286732232097450e-113
1.288455661531683449e-06,1.000463393739703832e+00,1.431548015414778551e-112
1.289423444800938063e-06,1.000463393739704498e+00,-8.807846085636316012e-113
1.290391228070192678e-06,1.000463393739703610e+00,3.039460779532894181e-113
1.291359011339447504e-06,1.000463393739701390e+00,-6.025228793905646819e-114
1.292326794608702118e-06,1.000463393739699614e+00,-7.494530893967837087e-115
1.293294577877956733e-06,1.000463393739700946e+00,1.203797755035100601e-114
1.294262361147211347e-06,1.000463393739707607e+00,-5.469497882965749826e-115
1.295230144416465961e-06,1.000463393739715823e+00,1.497189896831086108e-115
1.296197927685720576e-06,1.000463393739716045e+00,-1.311860440459115576e-116
1.297165710954975190e-06,1.000463393739698281e+00,-1.428122793925306739e-116
1.298133494224229804e-06,1.000463393739665641e+00,9.071248794804291091e-117
1.299101277493484419e-06,1.000463393739649653e+00,-3.074043212425612123e-117
1.300069060762739033e-06,1.000463393739688289e+00,5.346995883688524186e-118
1.301036844031993647e-06,1.000463393739801754e+00,1.265083948911744537e-118
1.302004627301248262e-06,1.000463393739899454e+00,-1.415580947864420550e-118
1.302972410570502876e-06,1.000463393739844387e+00,5.890175896386971559e-119
1.303940193839757490e-06,1.000463393739509987e+00,-1.327299483269547327e-119
1.304907977109012105e-06,1.000463393739063234e+00,-6.060093527332804293e-121
1.305875760378266719e-06,1.000463393738995732e+00,2.222120370666014359e-120
1.306843543647521333e-06,1.000463393739815521e+00,-1.073300696695950144e-120
1.307811326916775948e-06,1.000463393741528817e+00,2.884400161588352662e-121
1.308779110186030562e-06,1.000463393742567542e+00,-1.350469484679212400e-122
1.309746893455285176e-06,1.000463393741056306e+00,-3.595722160540508025e-122
1.310714676724539791e-06,1.000463393735572915e+00,1.983569629537339085e-122
1.311682459993794405e-06,1.000463393729810635e+00,-5.812230571415553824e-123
1.312650243263049231e-06,1.000463393730690598e+00,4.798884342118054895e-124
1.313618026532303846e-06,1.000463393745087082e+00,5.955944589827681729e-124
1.314585809801558460e-06,1.000463393769339238e+00,-3.755673706279611785e-124
1.315553593070813074e-06,1.000463393779917221e+00,1.141512083343380090e-124
1.316521376340067689e-06,1.000463393751090058e+00,-1.062585742831807858e-125
1.317489159609322303e-06,1.000463393668261869e+00,-1.123745823267578243e-125
1.318456942878576917e-06,1.000463393594157147e+00,7.169014455392200735e-126
1.319424726147831532e-06,1.000463393624292596e+00,-2.221510746380465460e-126
1.320392509417086146e-06,1.000463393850487881e+00,2.023311178357697908e-127
1.321360292686340760e-06,1.000463394186754895e+00,2.356410267418835236e-127
1.322328075955595375e-06,1.000463394297467445e+00,-1.433423018822963849e-127
1.323295859224849989e-06,1.000463393828298964e+00,4.223350737094806555e-128
1.324263642494104603e-06,1.000463392629509674e+00,-2.380671985136478128e-129
1.325231425763359218e-06,1.000463391644603739e+00,-5.180383459087170577e-129
1.326199209032613832e-06,1.000463392180753974e+00,2.941541830278527601e-129
1.327166992301868446e-06,1.000463395474510575e+00,-7.763542240668288599e-130
1.328134775571123061e-06,1.000463400164577576e+00,-1.001369812086106333e-131
1.329102558840377675e-06,1.000463401603160163e+00,1.240077999628645615e-130
1.330070342109632289e-06,1.000463394931474070e+00,-5.959707402159862062e-131
1.331038125378886904e-06,1.000463378134149650e+00,1.350875677789608497e-131
1.332005908648141518e-06,1.000463364206063410e+00,1.762429582006179980e-132
1.332973691917396133e-06,1.000463371077059849e+00,-3.009410280159543083e-132
1.333941475186650959e-06,1.000463415917512311e+00,1.199496961552245282e-132
1.334909258455905573e-06,1.000463482048504549e+00,-1.943705727725471730e-133
1.335877041725160187e-06,1.000463506216293874e+00,-8.420959139320145892e-134
1.336844824994414802e-06,1.000463421778059692e+00,7.009687257986522399e-134
1.337812608263669416e-06,1.000463178954109855e+00,-2.284412439374254722e-134
1.338780391532924030e-06,1.000462837743168354e+00,1.586382363151071492e-135
1.339748174802178645e-06,1.000462502082704486e+00,2.909161722940840092e-135
1.340715958071433259e-06,1.000462275446256655e+00,-1.585543131345388630e-135
1.341683741340687873e-06,1.000462205176118502e+00,3.790764978403114934e-136
1.342651524609942488e-06,1.000462236463175225e+00,4.769194429139579060e-137
1.343619307879197102e-06,1.000462303666161068e+00,-8.282589742374266714e-137
1.344587091148451716e-06,1.000462345873238457e+00,3.302349140821166493e-137
1.345554874417706331e-06,1.000462351169654207e+00,-4.154264743889589030e-138
1.346522657686960945e-06,1.000462336624887261e+00,-3.149405921885914802e-138
1.347490440956215559e-06,1.000462319681746370e+00,2.108876986163859498e-138
1.348458224225470174e-06,1.000462312828048761e+00,-5.716332282279189396e-139
1.349426007494724788e-06,1.000462314071904224e+00,-3.574271777326480061e-140
1.350393790763979402e-06,1.000462318790575456e+00,1.094298035919092323e-139
1.351361574033234017e-06,1.000462322471822318e+00,-4.626889403024216754e-140
1.352329357302488631e-06,1.000462323349610827e+00,6.095049712327705125e-141
1.353297140571743246e-06,1.000462322522948755e+00,4.460949570789589834e-141
1.354264923840997860e-06,1.000462321225118689e+00,-2.994510012881345712e-141
1.355232707110252686e-06,1.000462320528040072e+00,7.771813832475991086e-142
1.356200490379507300e-06,1.000462320494846402e+00,8.721109338900068672e-143
1.357168273648761915e-06,1.000462320799611060e+00,-1.676253243833031277e-142
1.358136056918016529e-06,1.000462321116077913e+00,6.470657579530913917e-143
1.359103840187271143e-06,1.000462321233185348e+00,-5.201388961216638705e-144
1.360071623456525758e-06,1.000462321201868399e+00,-8.171712568945077611e-144
1.361039406725780372e-06,1.000462321109296893e+00,4.480074750938748803e-144
1.362007189995034986e-06,1.000462321039991442e+00,-9.008564063583743118e-145
1.362974973264289601e-06,1.000462321023980916e+00,-3.016426496371099490e-145
1.363942756533544215e-06,1.000462321040147984e+00,2.860267455040820785e-145
1.364910539802798829e-06,1.000462321065398008e+00,-8.307008429200703878e-146
1.365878323072053444e-06,1.000462321079384154e+00,-5.588519223252104077e-147
1.366846106341308058e-06,1.000462321080455963e+00,1.649591173445880444e-146
1.367813889610562672e-06,1.000462321074750749e+00,-6.494098443285274742e-147
1.368781672879817287e-06,1.000462321068428695e+00,5.031595713240822638e-148
1.369749456149071901e-06,1.000462321065840099e+00,8.770313422469536537e-148
1.370717239418326516e-06,1.000462321066237781e+00,-4.667798887822740815e-148
1.371685022687581130e-06,1.000462321067984162e+00,7.545582774194974873e-149
1.372652805956835744e-06,1.000462321069461646e+00,4.371905094524702142e-149
1.373620589226090359e-06,1.000462321069900851e+00,-3.123456553407188261e-149
1.374588372495344973e-06,1.000462321069657934e+00,7.374380757121809396e-150
1.375556155764599587e-06,1.000462321069166105e+00,1.819925156901465748e-150
1.376523939033854413e-06,1.000462321068836813e+00,-2.063051556772314558e-150
1.377491722303109028e-06,1.000462321068773308e+00,6.034252636725023823e-151
1.378459505572363642e-06,1.000462321068865013e+00,6.166643492187548756e-152
1.379427288841618256e-06,1.000462321068995797e+00,-1.308212996042507869e-151
1.380395072110872871e-06,1.000462321069065741e+00,4.652280508038782312e-152
1.381362855380127485e-06,1.000462321069071070e+00,1.207413204394167578e-154
1.382330638649382099e-06,1.000462321069041316e+00,-8.230234821697097468e-153
1.383298421918636714e-06,1.000462321069007787e+00,3.469373701498889656e-153
1.384266205187891328e-06,1.000462321068993132e+00,-1.815715503393448302e-154
1.385233988457145942e-06,1.000462321068994465e+00,-5.288532522956606904e-154
1.386201771726400557e-06,1.000462321069003124e+00,2.485176652263379057e-154
1.387169554995655171e-06,1.000462321069011562e+00,-2.465034501273295460e-155
1.388137338264909786e-06,1.000462321069014227e+00,-3.356842483245507888e-155
1.389105121534164400e-06,1.000462321069013560e+00,1.781323528287734549e-155
1.390072904803419014e-06,1.000462321069011340e+00,-2.349448526952673195e-156
1.391040688072673629e-06,1.000462321069009120e+00,-2.248898664939112232e-156
1.392008471341928243e-06,1.000462321069008453e+00,1.276624039148867279e-156
1.392976254611182857e-06,1.000462321069008897e+00,-1.847933304142551466e-157
1.393944037880437472e-06,1.000462321069009564e+00,-1.503065885604096015e-157
1.394911821149692086e-06,1.000462321069010008e+00,9.153116614125158957e-158
1.395879604418946700e-06,1.000462321069010008e+00,-1.438881038045627504e-158
1.396847387688201526e-06,1.000462321069010008e+00,-1.084347678832918710e-158
1.397815170957456141e-06,1.000462321069009564e+00,6.618042382623255207e-159
1.398782954226710755e-06,1.000462321069009786e+00,-1.000597494890128295e-159
1.399750737495965369e-06,1.000462321069009786e+00,-7.854486364830306033e-160
1.400718520765219984e-06,1.000462321069009564e+00,4.792536277785504550e-160
1.401686304034474598e-06,1.000462321069009786e+00,-6.922751876397549098e-161
1.402654087303729212e-06,1.000462321069009786e+00,-5.939385719222135016e-161
1.403621870572983827e-06,1.000462321069009786e+00,3.526378265477608188e-161
1.404589653842238441e-06,1.000462321069009564e+00,-4.177556888521749179e-162
1.405557437111493055e-06,1.000462321069009786e+00,-4.780043637569667885e-162
1.406525220380747670e-06,1.000462321069009786e+00,2.546273382703636497e-162
1.407493003650002284e-06,1.000462321069009786e+00,-2.333602538826567438e-163
1.408460786919256899e-06,1.000462321069009786e+00,-3.828137857993151316e-163
1.409428570188511513e-06,1.000462321069009786e+00,1.864250250527764396e-163
1.410396353457766127e-06,1.000462321069009786e+00,-7.495314015415269586e-165
1.411364136727020742e-06,1.000462321069009786e+00,-3.176064826409003619e-164
1.412331919996275356e-06,1.000462321069009786e+00,1.318671059397837854e-164
1.413299703265529970e-06,1.000462321069009786e+00,2.567211048796023012e-166
1.414267486534784585e-06,1.000462321069009786e+00,-2.584059011842945375e-165
1.415235269804039199e-06,1.000462321069009786e+00,9.202454715627955006e-166
1.416203053073293813e-06,1.000462321069009786e+00,9.814913775786063053e-167
1.417170836342548428e-06,1.000462321069009786e+00,-2.130911523450767230e-166
1.418138619611803254e-06,1.000462321069009786e+00,6.047039483804088910e-167
1.419106402881057868e-06,1.000462321069009786e+00,1.554794808689126413e-167
1.420074186150312482e-06,1.000462321069009786e+00,-1.688998155270280829e-167
1.421041969419567097e-06,1.000462321069009786e+00,3.670240823854422281e-168
1.422009752688821711e-06,1.000462321069009786e+00,1.789706046415685483e-168
1.422977535958076325e-06,1.000462321069009786e+00,-1.311319622380622843e-168
1.423945319227330940e-06,1.000462321069009786e+00,1.834618739891059868e-169
1.424913102496585554e-06,1.000462321069009786e+00,1.903335113453281038e-169
1.425880885765840169e-06,1.000462321069009786e+00,-9.770318440360343149e-170
1.426848669035094783e-06,1.000462321069009786e+00,2.976624002524335081e-171
1.427816452304349397e-06,1.000462321069009786e+00,1.795053747517537076e-170
1.428784235573604012e-06,1.000462321069009786e+00,-6.793615360769189684e-171
1.429752018842858626e-06,1.000462321069009786e+00,-7.843067248087046323e-172
1.430719802112113240e-06,1.000462321069009786e+00,1.612732815693684421e-171
1.431687585381367855e-06,1.000462321069009786e+00,-4.119364512260887084e-172
1.432655368650622469e-06,1.000462321069009786e+00,-1.582686374843629086e-172
1.433623151919877083e-06,1.000462321069009786e+00,1.315686119444247948e-172
1.434590935189131698e-06,1.000462321069009786e+00,-1.884150073809950332e-173
1.435558718458386312e-06,1.000462321069009786e+00,-1.928348475996142410e-173
1.436526501727640926e-06,1.000462321069009786e+00,9.908150960755985980e-174
1.437494284996895541e-06,1.000462321069009786e+00,-1.490006949327026825e-176
1.438462068266150155e-06,1.000462321069009786e+00,-2.003602795597377438e-174
1.439429851535404981e-06,1.000462321069009786e+00,6.482985723143817716e-175
1.440397634804659595e-06,1.000462321069009786e+00,1.558931756142423934e-175
1.441365418073914210e-06,1.000462321069009786e+00,-1.774354559733280569e-175
1.442333201343168824e-06,1.000462321069009786e+00,3.218256442887618855e-176
1.443300984612423439e-06,1.000462321069009786e+00,2.442091753826449460e-176
1.444268767881678053e-06,1.000462321069009786e+00,-1.391282510455592911e-176
1.445236551150932667e-06,1.000462321069009786e+00,2.464099084436708041e-178
1.446204334420187282e-06,1.000462321069009786e+00,2.786828534274621247e-177
1.447172117689441896e-06,1.000462321069009786e+00,-9.052423879497089605e-178
1.448139900958696510e-06,1.000462321069009786e+00,-2.388341710085767722e-178
1.449107684227951125e-06,1.000462321069009786e+00,2.538612714829932505e-178
1.450075467497205739e-06,1.000462321069009786e+00,-3.925320881236491689e-179
1.451043250766460353e-06,1.000462321069009786e+00,-3.893282714050882541e-179
1.452011034035714968e-06,1.000462321069009786e+00,1.960445432326239026e-179
1.452978817304969582e-06,1.000462321069009786e+00,1.269309099495561050e-180
1.453946600574224196e-06,1.000462321069009786e+00,-4.344140149762843489e-180
1.454914383843478811e-06,1.000462321069009786e+00,1.112234150111680979e-180
1.455882167112733425e-06,1.000462321069009786e+00,5.228048575901912059e-181
1.456849950381988039e-06,1.000462321069009786e+00,-3.756920598520293157e-181
1.457817733651242654e-06,1.000462321069009786e+00,2.079086532398875520e-182
1.458785516920497268e-06,1.000462321069009786e+00,7.167691781252709182e-182
1.459753300189751882e-06,1.000462321069009786e+00,-2.534004758812892400e-182
1.460721083459006708e-06,1.000462321069009786e+00,-6.880312087135145680e-183
1.461688866728261323e-06,1.000462321069009786e+00,7.042499913713870207e-183
1.462656649997515937e-06,1.000462321069009786e+00,-8.515882209892446782e-184
1.463624433266770552e-06,1.000462321069009786e+00,-1.217817832658985302e-183
1.464592216536025166e-06,1.000462321069009786e+00,5.140952343843119353e-184
1.465559999805279780e-06,1.000462321069009786e+00,8.704789120193666647e-185
1.466527783074534395e-06,1.000462321069009786e+00,-1.328671997580234470e-184
1.467495566343789009e-06,1.000462321069009786e+00,2.085684713347723755e-185
1.468463349613043623e-06,1.000462321069009786e+00,2.173894213392547348e-185
1.469431132882298238e-06,1.000462321069009786e+00,-1.014596960133030799e-185
1.470398916151552852e-06,1.000462321069009786e+00,-1.362286187694927454e-186
1.471366699420807466e-06,1.000462321069009786e+00,2.503134971753756502e-186
1.472334482690062081e-06,1.000462321069009786e+00,-4.466709363494007654e-187
1.473302265959316695e-06,1.000462321069009786e+00,-4.051024245979608739e-187
1.474270049228571309e-06,1.000462321069009786e+00,1.997585849522199744e-187
1.475237832497825924e-06,1.000462321069009786e+00,2.788692652074554921e-188
1.476205615767080538e-06,1.000462321069009786e+00,-4.913988032247104776e-188
1.477173399036335152e-06,1.000462321069009786e+00,8.076988807404416606e-189
1.478141182305589767e-06,1.000462321069009786e+00,8.329520031674163541e-189
1.479108965574844381e-06,1.000462321069009786e+00,-3.795555864691824035e-189
1.480076748844098995e-06,1.000462321069009786e+00,-6.651658624967808865e-190
1.481044532113353610e-06,1.000462321069009786e+00,9.797119474351807551e-190
1.482012315382608436e-06,1.000462321069009786e+00,-1.313003367264081957e-190
1.482980098651863050e-06,1.000462321069009786e+00,-1.823860992215454250e-190
1.483947881921117665e-06,1.000462321069009786e+00,7.063105236482680288e-191
1.484915665190372279e-06,1.000462321069009786e+00,1.952441112612048736e-191
1.485883448459626893e-06,1.000462321069009786e+00,-1.986399228791743266e-191
1.486851231728881508e-06,1.000462321069009786e+00,1.280536993345940760e-192
1.487819014998136122e-06,1.000462321069009786e+00,4.037822902239507217e-192
1.488786798267390736e-06,1.000462321069009786e+00,-1.255534640358054828e-192
1.489754581536645351e-06,1.000462321069009786e+00,-5.742075806442127920e-193
1.490722364805899965e-06,1.000462321069009786e+00,3.961396260097455189e-193
1.491690148075154579e-06,1.000462321069009564e+00,1.749411182413289754e-194
1.492657931344409194e-06,1.000462321069009564e+00,-9.136827306697384655e-194
1.493625714613663808e-06,1.000462321069009786e+00,1.845208397283685123e-194
1.494593497882918422e-06,1.000462321069009786e+00,1.567966272202755097e-194
1.495561281152173037e-06,1.000462321069010452e+00,-7.485621150592489925e-195
1.496529064421427651e-06,1.000462321069010674e+00,-1.524130720121167282e-195
1.497496847690682265e-06,1.000462321069010896e+00,2.009236980553619288e-195
1.498464630959936880e-06,1.000462321069010008e+00,-1.404850538471990171e-196
1.499432414229191494e-06,1.000462321069008675e+00,-4.147466424044574184e-196
1.500400197498446108e-06,1.000462321069006899e+00,1.220528243941995187e-196
1.501367980767700723e-06,1.000462321069006011e+00,6.348415958008319883e-197
1.502335764036955549e-06,1.000462321069007121e+00,-4.014681337676181527e-197
1.503303547306210163e-06,1.000462321069010452e+00,-4.252715007755114986e-198
1.504271330575464778e-06,1.000462321069016891e+00,9.906825298390152414e-198
1.505239113844719392e-06,1.000462321069022442e+00,-1.319009931079502282e-198
1.506206897113974006e-06,1.000462321069023552e+00,-1.999882320233955073e-198
1.507174680383228621e-06,1.000462321069015337e+00,6.796598705481060218e-199
1.508142463652483235e-06,1.000462321068995575e+00,2.960984541494984856e-199
1.509110246921737849e-06,1.000462321068971150e+00,-2.101356047415569028e-199
1.510078030190992464e-06,1.000462321068956939e+00,-1.803794204091557376e-200
1.511045813460247078e-06,1.000462321068967819e+00,5.137604166977557416e-200
1.512013596729501692e-06,1.000462321069018667e+00,-6.922346256192199077e-201
1.512981379998756307e-06,1.000462321069107707e+00,-1.058550557942536141e-200
1.513949163268010921e-06,1.000462321069188087e+00,3.474379396407792257e-201
1.514916946537265535e-06,1.000462321069205629e+00,1.677922128038440710e-201
1.515884729806520150e-06,1.000462321069105265e+00,-1.094837843364448598e-201
1.516852513075774764e-06,1.000462321068839922e+00,-1.457558551023800744e-202
1.517820296345029378e-06,1.000462321068495752e+00,2.781283690899683969e-202
1.518788079614283993e-06,1.000462321068271043e+00,-2.355631772056170964e-203
1.519755862883538607e-06,1.000462321068370075e+00,-6.012078718280770147e-203
1.520723646152793221e-06,1.000462321068994909e+00,1.639054992737192900e-203
1.521691429422047836e-06,1.000462321070197280e+00,1.108990763929678756e-203
1.522659212691302450e-06,1.000462321071395211e+00,-5.539490181073097277e-204
1.523626995960557276e-06,1.000462321071840632e+00,-1.458265064533922239e-204
1.524594779229811891e-06,1.000462321070785254e+00,1.527110468953515932e-204
1.525562562499066505e-06,1.000462321067510540e+00,3.683486704607530933e-206
1.526530345768321119e-06,1.000462321062687510e+00,-3.641236683133065439e-205
1.527498129037575734e-06,1.000462321058945614e+00,5.646286973485274607e-206
1.528465912306830348e-06,1.000462321059062409e+00,7.747716722854922573e-206
1.529433695576084962e-06,1.000462321065814786e+00,-2.485863418467563053e-206
1.530401478845339577e-06,1.000462321081103889e+00,-1.372745274427242324e-206
1.531369262114594191e-06,1.000462321098922081e+00,7.919844019876838045e-207
1.532337045383848805e-06,1.000462321109070185e+00,1.785330728260082214e-207
1.533304828653103420e-06,1.000462321101308838e+00,-2.135577109448698418e-207
1.534272611922358034e-06,1.000462321065402671e+00,-4.057670086665921075e-209
1.535240395191612648e-06,1.000462321000936239e+00,5.141523308924645047e-208
1.536208178460867263e-06,1.000462320939432770e+00,-7.333756176249992435e-209
1.537175961730121877e-06,1.000462320918897641e+00,-1.135862384215640384e-208
1.538143744999376491e-06,1.000462320977335784e+00,3.277268801722188525e-209
1.539111528268631106e-06,1.000462321151057266e+00,2.184600129909235568e-209
1.540079311537885720e-06,1.000462321404110844e+00,-1.079603187309777825e-209
1.541047094807140335e-06,1.000462321602802573e+00,-3.477041498251329429e-210
1.542014878076394949e-06,1.000462321606501837e+00,3.044294583370050554e-210
1.542982661345649563e-06,1.000462321274578015e+00,3.444350344572158692e-211
1.543950444614904178e-06,1.000462320499759583e+00,-7.788431794778581526e-211
1.544918227884159004e-06,1.000462319554846102e+00,3.479095744886559155e-212
1.545886011153413618e-06,1.000462318954221663e+00,1.868699259735092799e-211
1.546853794422668232e-06,1.000462319216137042e+00,-3.164119832564899361e-212
1.547821577691922847e-06,1.000462320858843013e+00,-4.088724290094278666e-212
1.548789360961177461e-06,1.000462324085080290e+00,1.274659475599142574e-212
1.549757144230432075e-06,1.000462327485232228e+00,8.188334602117948526e-213
1.550724927499686690e-06,1.000462329135985762e+00,-4.055050376602987147e-213
1.551692710768941304e-06,1.000462327113807337e+00,-1.435587805571556153e-213
1.552660494038195918e-06,1.000462319500220909e+00,1.160275858042416893e-213
1.553628277307450533e-06,1.000462306640535592e+00,2.087125441469128548e-214
1.554596060576705147e-06,1.000462294702002097e+00,-3.040258541218670070e-214
1.555563843845959761e-06,1.000462290774912777e+00,-1.110633389677080695e-215
1.556531627115214376e-06,1.000462301949561539e+00,7.602079475628635171e-215
1.557499410384468990e-06,1.000462335098836197e+00,-6.412787646979352209e-216
1.558467193653723604e-06,1.000462384591156217e+00,-1.806703479071112120e-215
1.559434976922978219e-06,1.000462425717187465e+00,3.546923545902340053e-216
1.560402760192232833e-06,1.000462432161542070e+00,4.085099612307201407e-216
1.561370543461487448e-06,1.000462377608832387e+00,-1.293946602298458397e-216
1.562338326730742062e-06,1.000462237262028431e+00,-8.954410248793167577e-217
1.563306109999996676e-06,1.000462019190015095e+00,3.964600819888439251e-217
1.564273893269251291e-06,1.000461763224227196e+00,1.787944826914322371e-217
1.565241676538505905e-06,1.000461510493706463e+00,-1.147134405599503432e-217
1.566209459807760731e-06,1.000461302127492624e+00,-3.217788060252996800e-218
1.567177243077015345e-06,1.000461176080167824e+00,3.145060622949050962e-218
1.568145026346269960e-06,1.000461132201140746e+00,4.761323828344802717e-219
1.569112809615524574e-06,1.000461145172730548e+00,-8.377676204616070810e-219
1.570080592884779188e-06,1.000461189230810399e+00,-4.729736543844375831e-220
1.571048376154033803e-06,1.000461238611253911e+00,2.131683209325482055e-219
1.572016159423288417e-06,1.000461269935585928e+00,-7.682620866500991887e-221
1.572983942692543031e-06,1.000461279921901259e+00,-5.322644816740683015e-220
1.573951725961797646e-06,1.000461275359640245e+00,6.365364518929754891e-221
1.574919509231052260e-06,1.000461263113576083e+00,1.298209178650087097e-220
1.575887292500306874e-06,1.000461250048482631e+00,-2.598472926924873048e-221
1.576855075769561489e-06,1.000461242154076391e+00,-3.100345700229972403e-221
1.577822859038816103e-06,1.000461239823390969e+00,8.813356437521952974e-222
1.578790642308070718e-06,1.000461241245280464e+00,7.412955585586788722e-222
1.579758425577325332e-06,1.000461244603281008e+00,-2.653906822927031189e-222
1.580726208846579946e-06,1.000461248080928067e+00,-1.696047877024779272e-222
1.581693992115834561e-06,1.000461250130203927e+00,7.809054250557423341e-223
1.582661775385089175e-06,1.000461250709457017e+00,3.795358905066146366e-223
1.583629558654343789e-06,1.000461250302113525e+00,-2.216493756647115381e-223
1.584597341923598404e-06,1.000461249392138985e+00,-8.261265450627962991e-224
1.585565125192853018e-06,1.000461248463498265e+00,6.140082941230705150e-224
1.586532908462107632e-06,1.000461247922328711e+00,1.741164652440348653e-224
1.587500691731362458e-06,1.000461247771106343e+00,-1.685088418482877056e-224
1.588468475000617073e-06,1.000461247881840654e+00,-3.738513988525106493e-225
1.589436258269871687e-06,1.000461248126475189e+00,4.486385826150197249e-225
1.590404041539126301e-06,1.000461248376954382e+00,7.201458801879246697e-226
1.591371824808380916e-06,1.000461248524622038e+00,-1.195595687481621219e-225
1.592339608077635530e-06,1.000461248567260375e+00,-1.264793304706081687e-226
1.593307391346890144e-06,1.000461248538964565e+00,3.165843205664241553e-226
1.594275174616144759e-06,1.000461248473861309e+00,1.847141467960710719e-227
1.595242957885399373e-06,1.000461248406077086e+00,-8.437798872657359614e-227
1.596210741154653988e-06,1.000461248365160705e+00,-2.425828450516860619e-228
1.597178524423908602e-06,1.000461248352658705e+00,2.204181517530529090e-227
1.598146307693163216e-06,1.000461248359532984e+00,-1.649928304341726523e-229
1.599114090962417831e-06,1.000461248376726342e+00,-5.785359704511497651e-228
1.600081874231672445e-06,1.000461248395180913e+00,2.257921366450789607e-229
1.601049657500927059e-06,1.000461248406793846e+00,1.518172211411995079e-228
1.602017440770181674e-06,1.000461248410661197e+00,-1.005622004027731679e-229
1.602985224039436288e-06,1.000461248409162396e+00,-3.991020820800267401e-229
1.603953007308690902e-06,1.000461248404693526e+00,3.578682250871693381e-230
1.604920790577945517e-06,1.000461248399651337e+00,1.066576841957919530e-229
1.605888573847200131e-06,1.000461248396271374e+00,-1.031023064729939576e-230
1.606856357116454745e-06,1.000461248395024594e+00,-2.804854700534368008e-230
1.607824140385709571e-06,1.000461248395288383e+00,3.155583209405183400e-231
1.608791923654964186e-06,1.000461248396425029e+00,7.433132741406066779e-231
1.609759706924218800e-06,1.000461248397795933e+00,-9.222861688961717078e-232
1.610727490193473414e-06,1.000461248398784919e+00,-1.977839660333104691e-231
1.611695273462728029e-06,1.000461248399190151e+00,2.606494032368385642e-232
1.612663056731982643e-06,1.000461248399167946e+00,5.290686668157352224e-232
1.613630840001237257e-06,1.000461248398887282e+00,-7.191540063243815429e-233
1.614598623270491872e-06,1.000461248398517133e+00,-1.443881303758359846e-232
1.615566406539746486e-06,1.000461248398224035e+00,1.773944276422032434e-233
1.616534189809001101e-06,1.000461248398090142e+00,3.879073411745518445e-233
1.617501973078255715e-06,1.000461248398078595e+00,-4.618345807468768677e-234
1.618469756347510329e-06,1.000461248398144765e+00,-1.050768892233798678e-233
1.619437539616764944e-06,1.000461248398243130e+00,1.164405396492089611e-234
1.620405322886019558e-06,1.000461248398328840e+00,2.860407143594580133e-234
1.621373106155274172e-06,1.000461248398373026e+00,-2.827148815360905112e-235
1.622340889424528787e-06,1.000461248398381686e+00,-7.925785983299044187e-235
1.623308672693783401e-06,1.000461248398367475e+00,5.557498813197949417e-236
1.624276455963038015e-06,1.000461248398342162e+00,2.158521192297415570e-235
1.625244239232292630e-06,1.000461248398317071e+00,-1.082789988987479745e-236
1.626212022501547244e-06,1.000461248398302416e+00,-5.916856508737263703e-236
1.627179805770801858e-06,1.000461248398298197e+00,1.524644023454899268e-237
1.628147589040056473e-06,1.000461248398300640e+00,1.623922891238847093e-236
1.629115372309311299e-06,1.000461248398307079e+00,4.808180246485238441e-239
1.630083155578565913e-06,1.000461248398313963e+00,-4.460973527111726539e-237
1.631050938847820527e-06,1.000461248398318848e+00,-1.623684016182158277e-238
1.632018722117075142e-06,1.000461248398320846e+00,1.237668100525885694e-237
1.632986505386329756e-06,1.000461248398320402e+00,1.075272565539876504e-238
1.633954288655584371e-06,1.000461248398318848e+00,-3.358007835143931594e-238
1.634922071924838985e-06,1.000461248398316849e+00,-4.413489554865147369e-239
1.635889855194093599e-06,1.000461248398315295e+00,9.134729775731964733e-239
1.636857638463348214e-06,1.000461248398314851e+00,1.657295450128221647e-239
1.637825421732602828e-06,1.000461248398314629e+00,-2.471414090407603481e-239
1.638793205001857442e-06,1.000461248398314851e+00,-5.899427898616922689e-240
1.639760988271112057e-06,1.000461248398315517e+00,6.684011806762931196e-240
1.640728771540366671e-06,1.000461248398315961e+00,2.113493543284547568e-240
1.641696554809621285e-06,1.000461248398316183e+00,-1.746986067563125269e-240
1.642664338078875900e-06,1.000461248398316405e+00,-6.946282873344220038e-241
1.643632121348130514e-06,1.000461248398316183e+00,4.545341484367928567e-241
1.644599904617385128e-06,1.000461248398316183e+00,2.233566806068582851e-241
1.645567687886639743e-06,1.000461248398316183e+00,-1.156833650855695517e-241
1.646535471155894357e-06,1.000461248398315961e+00,-7.042166668039340939e-242
1.647503254425148971e-06,1.000461248398315739e+00,2.854048575120153508e-242
1.648471037694403586e-06,1.000461248398315961e+00,2.183006899845141292e-242
1.649438820963658200e-06,1.000461248398315739e+00,-6.745620876523532676e-243
1.650406604232913026e-06,1.000461248398315961e+00,-6.777355062013679538e-243
1.651374387502167641e-06,1.000461248398315961e+00,1.392389987921813675e-243
1.652342170771422255e-06,1.000461248398315961e+00,2.014668953583634073e-243
1.653309954040676869e-06,1.000461248398315961e+00,-2.490509680961429582e-244
1.654277737309931484e-06,1.000461248398315961e+00,-5.902098417449094276e-244
1.655245520579186098e-06,1.000461248398315961e+00,2.411888789379368239e-245
1.656213303848440712e-06,1.000461248398315961e+00,1.697248332806067906e-244
1.657181087117695327e-06,1.000461248398315961e+00,7.912024222682099508e-246
1.658148870386949941e-06,1.000461248398315961e+00,-4.783202471976178169e-245
1.659116653656204555e-06,1.000461248398315961e+00,-6.803909924486622914e-246
1.660084436925459170e-06,1.000461248398315961e+00,1.327105321047626094e-245
1.661052220194713784e-06,1.000461248398315961e+00,3.457998047272461449e-246
1.662020003463968398e-06,1.000461248398315961e+00,-3.489885453173211005e-246
1.662987786733223013e-06,1.000461248398315961e+00,-1.355186091271721795e-246
1.663955570002477627e-06,1.000461248398315961e+00,8.892685018732151395e-247
1.664923353271732241e-06,1.000461248398315961e+00,4.845266455896742633e-247
1.665891136540986856e-06,1.000461248398315961e+00,-2.135179328404490292e-247
1.666858919810241470e-06,1.000461248398315961e+00,-1.628971613190599562e-247
1.667826703079496084e-06,1.000461248398315961e+00,4.661645435383291906e-248
1.668794486348750699e-06,1.000461248398315961e+00,5.306595620480142995e-248
1.669762269618005313e-06,1.000461248398315961e+00,-7.608205894044775927e-249
1.670730052887259927e-06,1.000461248398315961e+00,-1.614514449612966495e-248
1.671697836156514754e-06,1.000461248398315961e+00,4.158935600132151124e-250
1.672665619425769368e-06,1.000461248398315961e+00,4.735880682905329726e-249
1.673633402695023982e-06,1.000461248398315961e+00,4.600227992631836105e-250
1.674601185964278597e-06,1.000461248398315961e+00,-1.332039783928274041e-249
1.675568969233533211e-06,1.000461248398315961e+00,-3.089992885185780697e-250
1.676536752502787825e-06,1.000461248398315961e+00,3.567518419839357196e-250
1.677504535772042440e-06,1.000461248398315961e+00,1.388324742127112961e-250
1.678472319041297054e-06,1.000461248398315961e+00,-9.001627244310526549e-251
1.679440102310551668e-06,1.000461248398315961e+00,-5.434583712895379498e-251
1.680407885579806283e-06,1.000461248398315961e+00,1.974897578072358622e-251
1.681375668849060897e-06,1.000461248398315961e+00,1.860468589525127334e-251
1.682343452118315511e-06,1.000461248398315961e+00,-3.539810618435523695e-252
1.683311235387570126e-06,1.000461248398315961e+00,-5.948185885846768594e-252
1.684279018656824740e-06,1.000461248398315961e+00,2.511038368398336043e-253
1.685246801926079354e-06,1.000461248398315961e+00,1.788908384561077577e-252
1.686214585195333969e-06,1.000461248398315961e+00,1.908140819787735424e-253
1.687182368464588583e-06,1.000461248398315961e+00,-5.059966085544245270e-253
1.688150151733843197e-06,1.000461248398315961e+00,-1.368060226887174519e-253
1.689117935003097812e-06,1.000461248398315961e+00,1.339415405532922996e-253
1.690085718272352426e-06,1.000461248398315961e+00,6.411308600430255522e-254
1.691053501541607040e-06,1.000461248398315961e+00,-3.092227819449701915e-254
1.692021284810861867e-06,1.000461248398315961e+00,-2.398705661858795592e-254
1.692989068080116481e-06,1.000461248398315961e+00,5.898314986337806977e-255
1.693956851349371095e-06,1.000461248398315961e+00,8.074025035660601803e-255
1.694924634618625710e-06,1.000461248398315961e+00,-5.451971718714631249e-256
1.695892417887880324e-06,1.000461248398315961e+00,-2.499330216783043416e-255
1.696860201157134938e-06,1.000461248398315961e+00,-2.581957721096128610e-256
1.697827984426389553e-06,1.000461248398315961e+00,7.195327458180764563e-256
1.698795767695644167e-06,1.000461248398315961e+00,2.168364347489397097e-256
1.699763550964898781e-06,1.000461248398315961e+00,-1.831662069756633992e-256
1.700731334234153396e-06,1.000461248398315961e+00,-9.857757499489571946e-257
1.701699117503408010e-06,1.000461248398315961e+00,4.049184967147061645e-257
1.702666900772662624e-06,1.000461248398315961e+00,3.694883727707637688e-257
1.703634684041917239e-06,1.000461248398315961e+00,-6.324344125697437996e-258
1.704602467311171853e-06,1.000461248398315961e+00,-1.225666267767661714e-257
1.705570250580426467e-06,1.000461248398315961e+00,-2.580310510098865502e-259
1.706538033849681082e-06,1.000461248398315961e+00,3.676763217430726713e-258
1.707505817118935696e-06,1.000461248398315961e+00,8.026298136322658362e-259
1.708473600388190310e-06,1.000461248398315961e+00,-9.980338898163344486e-259
1.709441383657444925e-06,1.000461248398315961e+00,-4.594399861623548758e-259
1.710409166926699539e-06,1.000461248398315961e+00,2.253979472240945647e-259
1.711376950195954153e-06,1.000461248398315961e+00,1.844206935843663420e-259
1.712344733465208768e-06,1.000461248398315961e+00,-3.684086789271251770e-260
1.713312516734463594e-06,1.000461248398315961e+00,-6.331927045843351573e-260
1.714280300003718208e-06,1.000461248398315961e+00,-9.050515101916938898e-262
1.715248083272972823e-06,1.000461248398315961e+00,1.925256592915866017e-260
1.716215866542227437e-06,1.000461248398315961e+00,4.413340159075803474e-261
1.717183649811482051e-06,1.000461248398315961e+00,-5.190038116413192763e-261
1.718151433080736666e-06,1.000461248398315961e+00,-2.566834848029452344e-261
1.719119216349991280e-06,1.000461248398315961e+00,1.119981819316877293e-261
1.720086999619245894e-06,1.000461248398315961e+00,1.027835051631127996e-261
1.721054782888500509e-06,1.000461248398315961e+00,-1.490353260553926862e-262
1.722022566157755123e-06,1.000461248398315961e+00,-3.473879373548321682e-262
1.722990349427009737e-06,1.000461248398315961e+00,-2.867494071916535745e-263
1.723958132696264352e-06,1.000461248398315961e+00,1.021430707666248501e-262
1.724925915965518966e-06,1.000461248398315961e+00,3.284996968840357147e-263
1.725893699234773580e-06,1.000461248398315961e+00,-2.557240423415710212e-263
1.726861482504028195e-06,1.000461248398315961e+00,-1.619387973792029183e-263
1.727829265773282809e-06,1.000461248398315961e+00,4.813668531927288688e-264
1.728797049042537423e-06,1.000461248398315961e+00,6.207069244675796111e-264
1.729764832311792038e-06,1.000461248398315961e+00,-9.997226110904354861e-266
1.730732615581046652e-06,1.000461248398315961e+00,-1.949970045490674321e-264
1.731700398850301267e-06,1.000461248398315961e+00,-4.457489514395841491e-265
1.732668182119555881e-06,1.000461248398315961e+00,5.214909268475343733e-265
1.733635965388810495e-06,1.000461248398315961e+00,2.701785289825581597e-265
1.734603748658065321e-06,1.000461248398315961e+00,-1.084189648777058771e-265
1.735571531927319936e-06,1.000461248398315961e+00,-1.108378945265550195e-265
1.736539315196574550e-06,1.000461248398315961e+00,9.495112823362786345e-267
1.737507098465829164e-06,1.000461248398315961e+00,3.701043813202741788e-266
1.738474881735083779e-06,1.000461248398315961e+00,6.371904265359589566e-267
1.739442665004338393e-06,1.000461248398315961e+00,-1.041039675538625950e-266
1.740410448273593007e-06,1.000461248398315961e+00,-4.910800883852441867e-267
1.741378231542847622e-06,1.000461248398315961e+00,2.198884348550108767e-267
1.742346014812102236e-06,1.000461248398315961e+00,2.111692100486280362e-267
1.743313798081356850e-06,1.000461248398315961e+00,-2.062388678002839239e-268
1.744281581350611465e-06,1.000461248398315961e+00,-7.181245723141016513e-268
1.745249364619866079e-06,1.000461248398315961e+00,-1.250816874761640896e-268
1.746217147889120693e-06,1.000461248398315961e+00,2.005376565528433549e-268
1.747184931158375308e-06,1.000461248398315961e+00,9.581411261001433066e-269
1.748152714427629922e-06,1.000461248398315961e+00,-4.254227027363236532e-269
1.749120497696884537e-06,1.000461248398315961e+00,-4.260453724053488281e-269
1.750088280966139151e-06,1.000461248398315961e+00,2.718127216297965997e-270
1.751056064235393765e-06,1.000461248398315961e+00,1.423058840302196711e-269
1.752023847504648380e-06,1.000461248398315961e+00,3.145566865710911895e-270
1.752991630773902994e-06,1.000461248398315961e+00,-3.828220500775844967e-270
1.753959414043157608e-06,1.000461248398315961e+00,-2.120316782268703063e-270
1.754927197312412223e-06,1.000461248398315961e+00,7.233778709992078728e-271
1.755894980581667049e-06,1.000461248398315961e+00,8.796433902324590317e-271
1.756862763850921663e-06,1.000461248398315961e+00,-2.441371131571110045e-275
1.757830547120176277e-06,1.000461248398315961e+00,-2.832856841887312820e-271
1.758798330389430892e-06,1.000461248398315961e+00,-8.516938254263417078e-272
1.759766113658685506e-06,1.000461248398315961e+00,7.132544501694526091e-272
1.760733896927940120e-06,1.000461248398315961e+00,4.986175940885849390e-272
1.761701680197194735e-06,1.000461248398315961e+00,-9.947494665573882377e-273
1.762669463466449349e-06,1.000461248398315961e+00,-1.885547617572009080e-272
1.763637246735703963e-06,1.000461248398315961e+00,-2.271859440253716655e-273
1.764605030004958578e-06,1.000461248398315961e+00,5.539125821776329703e-273
1.765572813274213192e-06,1.000461248398315961e+00,2.487265093722296913e-273
1.766540596543467806e-06,1.000461248398315961e+00,-1.169430133827433323e-273
1.767508379812722421e-06,1.000461248398315961e+00,-1.163508886042197283e-273
1.768476163081977035e-06,1.000461248398315961e+00,5.781667316634740852e-275
1.769443946351231650e-06,1.000461248398315961e+00,3.993520624809533951e-274
1.770411729620486264e-06,1.000461248398315961e+00,1.135769339349405322e-274
1.771379512889740878e-06,1.000461248398315961e+00,-1.000217103142119863e-274
1.772347296158995493e-06,1.000461248398315961e+00,-6.934122088928500874e-275
1.773315079428250107e-06,1.000461248398315961e+00,1.377563688888920603e-275
1.774282862697504721e-06,1.000461248398315961e+00,2.681834764257541038e-275
1.775250645966759336e-06,1.000461248398315961e+00,3.916793583954060561e-276
1.776218429236013950e-06,1.000461248398315961e+00,-7.748224180887891179e-276
1.777186212505268776e-06,1.000461248398315961e+00,-3.904815700206959235e-276
1.778153995774523390e-06,1.000461248398315961e+00,1.481452515359717585e-276
1.779121779043778005e-06,1.000461248398315961e+00,1.759621249171280896e-276
1.780089562313032619e-06,1.000461248398315961e+00,5.016827075482321653e-278
1.781057345582287233e-06,1.000461248398315961e+00,-5.718375786876633914e-277
1.782025128851541848e-06,1.000461248398315961e+00,-2.218096384511859220e-277
1.782992912120796462e-06,1.000461248398315961e+00,1.257064301240846826e-277
1.783960695390051076e-06,1.000461248398315961e+00,1.155907290043510426e-277
1.784928478659305691e-06,1.000461248398315961e+00,-6.568124680827039013e-279
1.785896261928560305e-06,1.000461248398315961e+00,-4.034872057641603617e-278
1.786864045197814920e-06,1.000461248398315961e+00,-1.200234820989924531e-278
1.787831828467069534e-06,1.000461248398315961e+00,9.996084615344727659e-279
1.788799611736324148e-06,1.000461248398315961e+00,7.509713312244966545e-279
1.789767395005578763e-06,1.000461248398315961e+00,-1.051191958557897223e-279
1.790735178274833377e-06,1.000461248398315961e+00,-2.843133609488257663e-279
1.791702961544087991e-06,1.000461248398315961e+00,-6.538382575530080799e-280
1.792670744813342606e-06,1.000461248398315961e+00,7.639799816142437305e-280
1.793638528082597220e-06,1.000461248398315961e+00,5.074483670003240467e-280
1.794606311351851834e-06,1.000461248398315961e+00,-9.594265782898967298e-281
1.795574094621106449e-06,1.000461248398315961e+00,-2.017003641121729398e-280
1.796541877890361063e-06,1.000461248398315961e+00,-3.986777108024007550e-281
1.797509661159615889e-06,1.000461248398315961e+00,5.573259777881786120e-281
1.798477444428870503e-06,1.000461248398315961e+00,3.433777614560957337e-281
1.799445227698125118e-06,1.000461248398315961e+00,-8.035645027355720777e-282
1.800413010967379732e-06,1.000461248398315961e+00,-1.435275347585971641e-281
1.801380794236634346e-06,1.000461248398315961e+00,-2.485811430256911554e-282
1.802348577505888961e-06,1.000461248398315961e+00,4.106419187038087200e-282
1.803316360775143575e-06,1.000461248398315961e+00,2.474830417076741988e-282
1.804284144044398190e-06,1.000461248398315961e+00,-5.793849231507639122e-283
1.805251927313652804e-06,1.000461248398315961e+00,-1.041203283296930740e-282
1.806219710582907418e-06,1.000461248398315961e+00,-1.900461448390182678e-283
1.807187493852162033e-06,1.000461248398315961e+00,2.930406199719772674e-283
1.808155277121416647e-06,1.000461248398315961e+00,1.799973761810885371e-283
1.809123060390671261e-06,1.000461248398315961e+00,-4.064907755326717336e-284
1.810090843659925876e-06,1.000461248398315961e+00,-7.591809621152732486e-284
1.811058626929180490e-06,1.000461248398315961e+00,-1.510724126152621623e-284
1.812026410198435104e-06,1.000461248398315961e+00,2.100689006603035347e-284
1.812994193467689719e-06,1.000461248398315961e+00,1.361056829626175304e-284
1.813961976736944333e-06,1.000461248398315961e+00,-2.601561414675954838e-285
1.814929760006198947e-06,1.000461248398315961e+00,-5.668732441479575717e-285
1.815897543275453562e-06,1.000461248398315961e+00,-1.406816934627217585e-285
1.816865326544708176e-06,1.000461248398315961e+00,1.466708639235451807e-285
1.817833109813962790e-06,1.000461248398315961e+00,1.079322919954780924e-285
1.818800893083217616e-06,1.000461248398315961e+00,-1.254159365490051864e-286
1.819768676352472231e-06,1.000461248398315961e+00,-4.168024109069308965e-286
1.820736459621726845e-06,1.000461248398315961e+00,-1.281224117225380175e-286
1.821704242890981459e-06,1.000461248398315961e+00,1.004127823535578866e-286
1.822672026160236074e-06,1.000461248398315961e+00,8.539755884144027272e-287
1.823639809429490688e-06,1.000461248398315961e+00,-3.412352808322602119e-288
1.824607592698745303e-06,1.000461248398315961e+00,-3.075816738813259347e-287
1.825575375967999917e-06,1.000461248398315961e+00,-1.193172995429196644e-287
1.826543159237254531e-06,1.000461248398315961e+00,6.568605114211079569e-288
1.827510942506509146e-06,1.000461248398315961e+00,6.929390602629471029e-288
1.828478725775763760e-06,1.000461248398315961e+00,4.684575522058351201e-289
1.829446509045018374e-06,1.000461248398315961e+00,-2.227771617257437656e-288
1.830414292314272989e-06,1.000461248398315961e+00,-1.137756837817950579e-288
1.831382075583527603e-06,1.000461248398315961e+00,3.688103022460812286e-289
1.832349858852782217e-06,1.000461248398315961e+00,5.456782663116103876e-289
1.833317642122036832e-06,1.000461248398315739e+00,9.724948892339891231e-290
1.834285425391291446e-06,1.000461248398315517e+00,-1.555267790032615346e-289
1.835253208660546060e-06,1.000461248398315739e+00,-1.028586851537596735e-289
1.836220991929800675e-06,1.000461248398315739e+00,1.603865381435148626e-290
1.837188775199055289e-06,1.000461248398315739e+00,4.279884779697290289e-290
1.838156558468309903e-06,1.000461248398315961e+00,1.366232618327307419e-290
1.839124341737564518e-06,1.000461248398316405e+00,-9.940094007039395019e-291
1.840092125006819344e-06,1.000461248398316405e+00,-9.150678244039969740e-291
1.841059908276073958e-06,1.000461248398316849e+00,-1.692819821455740921e-292
1.842027691545328573e-06,1.000461248398316849e+00,3.150825823019379085e-291
1.842995474814583187e-06,1.000461248398316627e+00,1.508347817629517009e-291
1.843963258083837801e-06,1.000461248398316183e+00,-5.450339883214592962e-292
1.844931041353092416e-06,1.000461248398315517e+00,-7.654729734546402501e-292
1.845898824622347030e-06,1.000461248398314185e+00,-1.398215088935125502e-292
1.846866607891601644e-06,1.000461248398313074e+00,2.176734633270372550e-292
1.847834391160856259e-06,1.000461248398312408e+00,1.505435858194128204e-292
1.848802174430110873e-06,1.000461248398312408e+00,-1.761650756931389620e-293
1.849769957699365487e-06,1.000461248398313518e+00,-6.118338406836586084e-293
1.850737740968620102e-06,1.000461248398315739e+00,-2.292786209567267546e-293
1.851705524237874716e-06,1.000461248398319070e+00,1.278405761446820643e-293
1.852673307507129330e-06,1.000461248398323733e+00,1.392938126132739513e-293
1.853641090776383945e-06,1.000461248398327285e+00,1.483660589296224053e-294
1.854608874045638559e-06,1.000461248398329506e+00,-4.371473698087341329e-294
1.855576657314893173e-06,1.000461248398329062e+00,-2.631854379818784801e-294
1.856544440584147788e-06,1.000461248398324621e+00,5.041134750655294160e-295
1.857512223853402402e-06,1.000461248398315517e+00,1.158393068334982119e-294
1.858480007122657016e-06,1.000461248398301306e+00,3.685774780871589107e-295
1.859447790391911631e-06,1.000461248398285319e+00,-2.710296929266625306e-295
1.860415573661166245e-06,1.000461248398271774e+00,-2.635893346728547119e-295
1.861383356930421071e-06,1.000461248398264447e+00,-2.075587575354991213e-296
1.862351140199675686e-06,1.000461248398267999e+00,8.566210936246317184e-296
1.863318923468930300e-06,1.000461248398286429e+00,4.986723642353190669e-296
1.864286706738184914e-06,1.000461248398323288e+00,-1.027283535498752221e-296
1.865254490007439529e-06,1.000461248398378133e+00,-2.251929021793179066e-296
1.866222273276694143e-06,1.000461248398438086e+00,-7.245349943256883039e-297
1.867190056545948757e-06,1.000461248398487379e+00,5.183118746908412626e-297
1.868157839815203372e-06,1.000461248398510916e+00,5.123503256060178546e-297
1.869125623084457986e-06,1.000461248398494041e+00,4.470435866289442489e-298
1.870093406353712600e-06,1.000461248398421432e+00,-1.663534298635454846e-297
1.871061189622967215e-06,1.000461248398277769e+00,-1.007820346460485397e-297
1.872028972892221829e-06,1.000461248398069269e+00,1.752122143159088865e-298
1.872996756161476443e-06,1.000461248397846337e+00,4.491696667763208900e-298
1.873964539430731058e-06,1.000461248397664926e+00,1.669285593948139396e-298
1.874932322699985672e-06,1.000461248397581437e+00,-9.237563763568768112e-299
1.875900105969240286e-06,1.000461248397652270e+00,-1.058579538436303512e-298
1.876867889238494901e-06,1.000461248397932712e+00,-1.680794625684090101e-299
1.877835672507749515e-06,1.000461248398479164e+00,3.137217075449667181e-299
1.878803455777004129e-06,1.000461248399263203e+00,2.235793344821070070e-299
1.879771239046258744e-06,1.000461248400097425e+00,-1.478010295948292122e-300
1.880739022315513358e-06,1.000461248400773995e+00,-8.826044619827933209e-300
1.881706805584767972e-06,1.000461248401085301e+00,-4.086772109602432065e-300
1.882674588854022799e-06,1.000461248400824843e+00,1.470476204889264171e-300
1.883642372123277413e-06,1.000461248399784786e+00,2.227935833400535476e-300
1.884610155392532027e-06,1.000461248397760183e+00,5.980148183785865600e-301
1.885577938661786642e-06,1.000461248394836300e+00,-5.571947139910347018e-301
1.886545721931041256e-06,1.000461248391701918e+00,-5.104840692628222364e-301
1.887513505200295870e-06,1.000461248389119762e+00,-3.969427633995736356e-302
1.888481288469550485e-06,1.000461248387852775e+00,1.699015412192139525e-301
1.889449071738805099e-06,1.000461248388663904e+00,1.065856549754316567e-301
1.890416855008059713e-06,1.000461248392316316e+00,-1.404366356590167209e-302
1.891384638277314328e-06,1.000461248399570957e+00,-4.604736508416473595e-302
1.892352421546568942e-06,1.000461248410312365e+00,-1.968660046115166943e-302
1.893320204815823556e-06,1.000461248422101157e+00,8.236631350737135366e-303
1.894287988085078171e-06,1.000461248432117589e+00,1.150541676074666875e-302
1.895255771354332785e-06,1.000461248437541029e+00,2.950553901907605461e-303
1.896223554623587399e-06,1.000461248435553063e+00,-2.941800276321027674e-303
1.897191337892842014e-06,1.000461248423332616e+00,-2.687135022234441010e-303
1.898159121162096628e-06,1.000461248398060166e+00,-2.430835516347815287e-304
1.899126904431351242e-06,1.000461248359172828e+00,8.848833361051960511e-304
1.900094687700605857e-06,1.000461248314928442e+00,5.843423532310138633e-304
1.901062470969860471e-06,1.000461248275736903e+00,-5.193826641546268701e-305
1.902030254239115085e-06,1.000461248252009216e+00,-2.430020869875408327e-304
1.902998037508369912e-06,1.000461248254155722e+00,-1.169214893041673771e-304
1.903965820777624526e-06,1.000461248292587202e+00,3.642853193115644466e-305
1.904933604046879140e-06,1.000461248377714663e+00,6.260946889391396120e-305
1.905901387316133755e-06,1.000461248515396306e+00,2.073755492744358582e-305
1.906869170585388369e-06,1.000461248680320603e+00,-1.382978834888203608e-305
1.907836953854642983e-06,1.000461248834116468e+00,-1.532968858598887182e-305
1.908804737123897598e-06,1.000461248938369963e+00,-2.927628156906061539e-306
1.909772520393152212e-06,1.000461248954665816e+00,4.372212366489773145e-306
1.910740303662406826e-06,1.000461248844588980e+00,3.583755486799562440e-306
1.911708086931661441e-06,1.000461248569725514e+00,1.773619545384841743e-307
1.912675870200916055e-06,1.000461248097682665e+00,-1.260390064896390643e-306
1.913643653470170669e-06,1.000461247491665873e+00,-7.993589095760180061e-307
1.914611436739425284e-06,1.000461246891374945e+00,8.155513735582247846e-308
1.915579220008679898e-06,1.000461246438653529e+00,3.432427576360514125e-307
1.916547003277934512e-06,1.000461246275345273e+00,1.694793961955382678e-307
1.917514786547189127e-06,1.000461246543293825e+00,-4.751807700665962632e-308
1.918482569816443741e-06,1.000461247384342389e+00,-8.957102115297172163e-308
1.919450353085698355e-06,1.000461248937483116e+00,-3.346194922333622291e-308
1.920418136354952970e-06,1.000461251112176209e+00,1.778564129458714363e-308
1.921385919624207584e-06,1.000461253423693631e+00,2.265445784929883933e-308
1.922353702893462199e-06,1.000461255348471967e+00,5.959952784061041181e-309
1.923321486162716813e-06,1.000461256362950024e+00,-5.702553238701749224e-309
1.924289269431971427e-06,1.000461255943563943e+00,-5.577451989105732832e-309
1.925257052701226042e-06,1.000461253566752085e+00,-8.727253926401857786e-310
1.926224835970480656e-06,1.000461248708951478e+00,1.689406382459682798e-309
1.927192619239735270e-06,1.000461241198716822e+00,1.340653851159348686e-309
1.928160402508989885e-06,1.000461232496170583e+00,6.682119274914463495e-311
1.929128185778244499e-06,1.000461224533665039e+00,-4.770034882245938393e-310
1.930095969047499113e-06,1.000461219243600208e+00,-3.151329444374677983e-310
1.931063752316753728e-06,1.000461218558376331e+00,1.884302125030366874e-311
1.932031535586008342e-06,1.000461224410393424e+00,1.305213247782691973e-310
1.932999318855262956e-06,1.000461238732051727e+00,7.264147237963553797e-311
1.933967102124517571e-06,1.000461263201244178e+00,-1.276752409570462773e-311
1.934934885393772185e-06,1.000461294864202211e+00,-3.485055252907216973e-311
1.935902668663026799e-06,1.000461326727172029e+00,-1.632818628003698643e-311
1.936870451932281414e-06,1.000461351660923315e+00,5.076355542899920383e-312
1.937838235201536028e-06,1.000461362536224197e+00,9.160527636675430622e-312
1.938806018470790642e-06,1.000461352223844358e+00,3.580840241217916538e-312
1.939773801740045257e-06,1.000461313594552148e+00,-1.704848014829568633e-312
1.940741585009299871e-06,1.000461239521839740e+00,-2.378416734650119149e-312
1.941709368278554485e-06,1.000461126877424389e+00,-7.631986745545808890e-313
1.942677151547809100e-06,1.000460984540104015e+00,5.276010946373338115e-313
1.943644934817063714e-06,1.000460823633298357e+00,6.120567629595924395e-313
1.944612718086318328e-06,1.000460655280427602e+00,1.570683560757163428e-313
1.945580501355573366e-06,1.000460490604911934e+00,-1.556974870687457662e-313
1.946548284624827981e-06,1.000460340730171538e+00,-1.565600461665188846e-313
1.947516067894082595e-06,1.000460216779626821e+00,-3.086256900270573982e-314
1.948483851163337209e-06,1.000460129267853437e+00,4.459737408305802502e-314
1.949451634432591824e-06,1.000460079098184574e+00,3.996438200081953166e-314
1.950419417701846438e-06,1.000460059510220434e+00,5.725835854408151489e-315
1.951387200971101052e-06,1.000460063530490551e+00,-1.248627168771108554e-314
1.952354984240355667e-06,1.000460084185523568e+00,-1.016733723253302575e-314
1.953322767509610281e-06,1.000460114501848130e+00,-9.388738064663445717e-316
1.954290550778864895e-06,1.000460147505993325e+00,3.453187193221603657e-315
1.955258334048119510e-06,1.000460176224500453e+00,2.589031072714211635e-315
1.956226117317374124e-06,1.000460195245809203e+00,1.184439778128403933e-316
1.957193900586628739e-06,1.000460205035375028e+00,-9.455674028955453214e-316
1.958161683855883353e-06,1.000460207440698968e+00,-6.609273948985636716e-316
1.959129467125137967e-06,1.000460204309280510e+00,-2.586754798648722469e-318
1.960097250394392582e-06,1.000460197488619807e+00,2.571518703449140940e-316
1.961065033663647196e-06,1.000460188826217456e+00,1.694564385502380603e-316
1.962032816932901810e-06,1.000460180169573388e+00,-5.537818782571404902e-318
1.963000600202156425e-06,1.000460173341805037e+00,-6.961689294341002015e-317
1.963968383471411039e-06,1.000460169201558003e+00,-4.371586212810413418e-317
1.964936166740665653e-06,1.000460167344905393e+00,2.778560963677211202e-318
1.965903950009920268e-06,1.000460167282557489e+00,1.880748330514018871e-317
1.966871733279174882e-06,1.000460168525225457e+00,1.139002141690451181e-317
1.967839516548429496e-06,1.000460170583619801e+00,-9.820938094903130556e-319
1.968807299817684111e-06,1.000460172968451245e+00,-5.062665969652961276e-318
1.969775083086938725e-06,1.000460175190430956e+00,-2.986295805127621724e-318
1.970742866356193339e-06,1.000460176797800083e+00,3.099026763539218948e-319
1.971710649625447954e-06,1.000460177708016429e+00,1.363082650967873503e-318
1.972678432894702568e-06,1.000460178048333537e+00,7.908064133899576311e-319
1.973646216163957182e-06,1.000460177948421903e+00,-8.998911673352464556e-320
1.974613999433211797e-06,1.000460177537951578e+00,-3.668783266323344463e-319
1.975581782702466411e-06,1.000460176946593061e+00,-2.116033754573474824e-319
1.976549565971721025e-06,1.000460176304015958e+00,2.453035931601789092e-320
1.977517349240975640e-06,1.000460175739890767e+00,9.873901932137312185e-320
1.978485132510230254e-06,1.000460175358598436e+00,5.722268310133317475e-320
1.979452915779484868e-06,1.000460175155279519e+00,-6.294396328017480973e-321
1.980420699048739483e-06,1.000460175095584825e+00,-2.657085043334223915e-320
1.981388482317994097e-06,1.000460175145165165e+00,-1.563223703441704066e-320
1.982356265587248712e-06,1.000460175269670682e+00,1.501959563357389494e-321
1.983324048856503326e-06,1.000460175434752408e+00,7.149129895322837494e-321
1.984291832125757940e-06,1.000460175606060709e+00,4.323074401110907262e-321
1.985259615395012555e-06,1.000460175749285474e+00,-3.211426697968102537e-322
1.986227398664267169e-06,1.000460175841730193e+00,-1.921915362322449057e-321
1.987195181933522207e-06,1.000460175888437275e+00,-1.205520175852641568e-321
1.988162965202776821e-06,1.000460175898502113e+00,5.434722104253711986e-323
1.989130748472031435e-06,1.000460175881020985e+00,5.138282716748964059e-322
1.990098531741286050e-06,1.000460175845089728e+00,3.359646391720476500e-322
1.991066315010540664e-06,1.000460175799804174e+00,-4.940656458412465442e-324
1.992034098279795278e-06,1.000460175754259717e+00,-1.333977243771365669e-322
1.993001881549049893e-06,1.000460175717492906e+00,-9.387247270983684339e-323
1.993969664818304507e-06,1.000460175694415366e+00,-4.940656458412465442e-324
1.994937448087559122e-06,1.000460175683232977e+00,3.458459520888725809e-323
1.995905231356813736e-06,1.000460175681535224e+00,2.964393875047479265e-323
1.996873014626068350e-06,1.000460175686911812e+00,4.940656458412465442e-324
1.997840797895322965e-06,1.000460175696952225e+00,-4.940656458412465442e-324
1.998808581164577579e-06,1.000460175709246835e+00,-4.940656458412465442e-324
1.999776364433832193e-06,1.000460175721384903e+00,0.000000000000000000e+00
2.000744147703086808e-06,1.000460175730988110e+00,4.940656458412465442e-324
2.001711930972341422e-06,1.000460175736934687e+00,4.940656458412465442e-324
2.002679714241596036e-06,1.000460175739751989e+00,0.000000000000000000e+00
2.003647497510850651e-06,1.000460175740077950e+00,0.000000000000000000e+00
2.004615280780105265e-06,1.000460175738551172e+00,0.000000000000000000e+00
2.005583064049359879e-06,1.000460175735809809e+00,0.000000000000000000e+00
2.006550847318614494e-06,1.000460175732492907e+00,0.000000000000000000e+00
2.007518630587869108e-06,1.000460175729238177e+00,0.000000000000000000e+00
2.008486413857123722e-06,1.000460175726674450e+00,0.000000000000000000e+00
2.009454197126378337e-06,1.000460175725087053e+00,0.000000000000000000e+00
2.010421980395632951e-06,1.000460175724333434e+00,0.000000000000000000e+00
2.011389763664887565e-06,1.000460175724244394e+00,0.000000000000000000e+00
2.012357546934142180e-06,1.000460175724651180e+00,0.000000000000000000e+00
2.013325330203396794e-06,1.000460175725384149e+00,0.000000000000000000e+00
2.014293113472651408e-06,1.000460175726274770e+00,0.000000000000000000e+00
2.015260896741906023e-06,1.000460175727153622e+00,0.000000000000000000e+00
2.016228680011160637e-06,1.000460175727853729e+00,0.000000000000000000e+00
2.017196463280415251e-06,1.000460175728292933e+00,0.000000000000000000e+00
2.018164246549669866e-06,1.000460175728506984e+00,0.000000000000000000e+00
2.019132029818924904e-06,1.000460175728541401e+00,0.000000000000000000e+00
2.020099813088179518e-06,1.000460175728439927e+00,0.000000000000000000e+00
2.021067596357434132e-06,1.000460175728248080e+00,0.000000000000000000e+00
2.022035379626688747e-06,1.000460175728010492e+00,0.000000000000000000e+00
2.023003162895943361e-06,1.000460175727771794e+00,0.000000000000000000e+00
2.023970946165197975e-06,1.000460175727576395e+00,0.000000000000000000e+00
2.024938729434452590e-06,1.000460175727450940e+00,0.000000000000000000e+00
2.025906512703707204e-06,1.000460175727386547e+00,0.000000000000000000e+00
2.026874295972961818e-06,1.000460175727371892e+00,0.000000000000000000e+00
2.027842079242216433e-06,1.000460175727394985e+00,0.000000000000000000e+00
2.028809862511471047e-06,1.000460175727443835e+00,0.000000000000000000e+00
2.029777645780725661e-06,1.000460175727506895e+00,0.000000000000000000e+00
2.030745429049980276e-06,1.000460175727571732e+00,0.000000000000000000e+00
2.031713212319234890e-06,1.000460175727627021e+00,0.000000000000000000e+00
2.032680995588489505e-06,1.000460175727663881e+00,0.000000000000000000e+00
2.033648778857744119e-06,1.000460175727683865e+00,0.000000000000000000e+00
2.034616562126998733e-06,1.000460175727690082e+00,0.000000000000000000e+00
2.035584345396253348e-06,1.000460175727685641e+00,0.000000000000000000e+00
2.036552128665507962e-06,1.000460175727673651e+00,0.000000000000000000e+00
2.037519911934762576e-06,1.000460175727657219e+00,0.000000000000000000e+00
2.038487695204017191e-06,1.000460175727639678e+00,0.000000000000000000e+00
2.039455478473271805e-06,1.000460175727623913e+00,0.000000000000000000e+00
2.040423261742526419e-06,1.000460175727612810e+00,0.000000000000000000e+00
2.041391045011781034e-06,1.000460175727606371e+00,0.000000000000000000e+00
2.042358828281035648e-06,1.000460175727603707e+00,0.000000000000000000e+00
2.043326611550290262e-06,1.000460175727604595e+00,0.000000000000000000e+00
2.044294394819544877e-06,1.000460175727607259e+00,0.000000000000000000e+00
2.045262178088799491e-06,1.000460175727611256e+00,0.000000000000000000e+00
2.046229961358054105e-06,1.000460175727616141e+00,0.000000000000000000e+00
2.047197744627308720e-06,1.000460175727620360e+00,0.000000000000000000e+00
2.048165527896563334e-06,1.000460175727623913e+00,0.000000000000000000e+00
2.049133311165817948e-06,1.000460175727626133e+00,0.000000000000000000e+00
2.050101094435072563e-06,1.000460175727627021e+00,0.000000000000000000e+00
2.051068877704327177e-06,1.000460175727627021e+00,0.000000000000000000e+00
2.052036660973581791e-06,1.000460175727626577e+00,0.000000000000000000e+00
2.053004444242836406e-06,1.000460175727625467e+00,0.000000000000000000e+00
2.053972227512091020e-06,1.000460175727624357e+00,0.000000000000000000e+00
2.054940010781345634e-06,1.000460175727623024e+00,0.000000000000000000e+00
2.055907794050600249e-06,1.000460175727621914e+00,0.000000000000000000e+00
2.056875577319854863e-06,1.000460175727621248e+00,0.000000000000000000e+00
2.057843360589109478e-06,1.000460175727621026e+00,0.000000000000000000e+00
2.058811143858364092e-06,1.000460175727620804e+00,0.000000000000000000e+00
2.059778927127618706e-06,1.000460175727620804e+00,0.000000000000000000e+00
2.060746710396873321e-06,1.000460175727621248e+00,0.000000000000000000e+00
2.061714493666128358e-06,1.000460175727621692e+00,0.000000000000000000e+00
2.062682276935382973e-06,1.000460175727621692e+00,0.000000000000000000e+00
2.063650060204637587e-06,1.000460175727622136e+00,0.000000000000000000e+00
2.064617843473892201e-06,1.000460175727622358e+00,0.000000000000000000e+00
2.065585626743146816e-06,1.000460175727622358e+00,0.000000000000000000e+00
2.066553410012401430e-06,1.000460175727622358e+00,0.000000000000000000e+00
2.067521193281656045e-06,1.000460175727622580e+00,0.000000000000000000e+00
2.068488976550910659e-06,1.000460175727622358e+00,0.000000000000000000e+00
2.069456759820165273e-06,1.000460175727622358e+00,0.000000000000000000e+00
2.070424543089419888e-06,1.000460175727622358e+00,0.000000000000000000e+00
2.071392326358674502e-06,1.000460175727622136e+00,0.000000000000000000e+00
2.072360109627929116e-06,1.000460175727622136e+00,0.000000000000000000e+00
2.073327892897183731e-06,1.000460175727622136e+00,0.000000000000000000e+00
2.074295676166438345e-06,1.000460175727621914e+00,0.000000000000000000e+00
2.075263459435692959e-06,1.000460175727622136e+00,0.000000000000000000e+00
2.076231242704947574e-06,1.000460175727622136e+00,0.000000000000000000e+00
2.077199025974202188e-06,1.000460175727622136e+00,0.000000000000000000e+00
2.078166809243456802e-06,1.000460175727621914e+00,0.000000000000000000e+00
2.079134592512711417e-06,1.000460175727622136e+00,0.000000000000000000e+00
2.080102375781966031e-06,1.000460175727621914e+00,0.000000000000000000e+00
2.081070159051220645e-06,1.000460175727622136e+00,0.000000000000000000e+00
2.082037942320475260e-06,1.000460175727622136e+00,0.000000000000000000e+00
2.083005725589729874e-06,1.000460175727622136e+00,0.000000000000000000e+00
2.083973508858984488e-06,1.000460175727622136e+00,0.000000000000000000e+00
2.084941292128239103e-06,1.000460175727622136e+00,0.000000000000000000e+00
2.085909075397493717e-06,1.000460175727621914e+00,0.000000000000000000e+00
2.086876858666748331e-06,1.000460175727622136e+00,0.000000000000000000e+00
2.087844641936002946e-06,1.000460175727622136e+00,0.000000000000000000e+00
2.088812425205257560e-06,1.000460175727622136e+00,0.000000000000000000e+00
2.089780208474512174e-06,1.000460175727622136e+00,0.000000000000000000e+00
2.090747991743766789e-06,1.000460175727622136e+00,0.000000000000000000e+00
2.091715775013021403e-06,1.000460175727622136e+00,0.000000000000000000e+00
2.092683558282276018e-06,1.000460175727622136e+00,0.000000000000000000e+00
2.093651341551530632e-06,1.000460175727622136e+00,0.000000000000000000e+00
2.094619124820785246e-06,1.000460175727622136e+00,0.000000000000000000e+00
2.095586908090039861e-06,1.000460175727622136e+00,0.000000000000000000e+00
2.096554691359294475e-06,1.000460175727622136e+00,0.000000000000000000e+00
2.097522474628549089e-06,1.000460175727622136e+00,0.000000000000000000e+00
2.098490257897803704e-06,1.000460175727622136e+00,0.000000000000000000e+00
2.099458041167058318e-06,1.000460175727622136e+00,0.000000000000000000e+00
2.100425824436312932e-06,1.000460175727622136e+00,0.000000000000000000e+00
2.101393607705567547e-06,1.000460175727622136e+00,0.000000000000000000e+00
2.102361390974822161e-06,1.000460175727622136e+00,0.000000000000000000e+00
2.103329174244077199e-06,1.000460175727622136e+00,0.000000000000000000e+00
2.104296957513331813e-06,1.000460175727622136e+00,0.000000000000000000e+00
2.105264740782586428e-06,1.000460175727622136e+00,0.000000000000000000e+00
2.106232524051841042e-06,1.000460175727622136e+00,0.000000000000000000e+00
2.107200307321095656e-06,1.000460175727622136e+00,0.000000000000000000e+00
2.108168090590350271e-06,1.000460175727622136e+00,0.000000000000000000e+00
2.109135873859604885e-06,1.000460175727622136e+00,0.000000000000000000e+00
2.110103657128859499e-06,1.000460175727622136e+00,0.000000000000000000e+00
2.111071440398114114e-06,1.000460175727622136e+00,0.000000000000000000e+00
2.112039223667368728e-06,1.000460175727622136e+00,0.000000000000000000e+00
2.113007006936623342e-06,1.000460175727622136e+00,0.000000000000000000e+00
2.113974790205877957e-06,1.000460175727622136e+00,0.000000000000000000e+00
2.114942573475132571e-06,1.000460175727622136e+00,0.000000000000000000e+00
2.115910356744387185e-06,1.000460175727622136e+00,0.000000000000000000e+00
2.116878140013641800e-06,1.000460175727622136e+00,0.000000000000000000e+00
2.117845923282896414e-06,1.000460175727622136e+00,0.000000000000000000e+00
2.118813706552151028e-06,1.000460175727622136e+00,0.000000000000000000e+00
2.119781489821405643e-06,1.000460175727622136e+00,0.000000000000000000e+00
2.120749273090660257e-06,1.000460175727622136e+00,0.000000000000000000e+00
2.121717056359914871e-06,1.000460175727622136e+00,0.000000000000000000e+00
2.122684839629169486e-06,1.000460175727622136e+00,0.000000000000000000e+00
2.123652622898424100e-06,1.000460175727622136e+00,0.000000000000000000e+00
2.124620406167678714e-06,1.000460175727622136e+00,0.000000000000000000e+00
2.125588189436933329e-06,1.000460175727622136e+00,0.000000000000000000e+00
2.126555972706187943e-06,1.000460175727622136e+00,0.000000000000000000e+00
2.127523755975442557e-06,1.000460175727622136e+00,0.000000000000000000e+00
2.128491539244697172e-06,1.000460175727622136e+00,0.000000000000000000e+00
2.129459322513951786e-06,1.000460175727622136e+00,0.000000000000000000e+00
2.130427105783206401e-06,1.000460175727622136e+00,0.000000000000000000e+00
2.131394889052461015e-06,1.000460175727622136e+00,0.000000000000000000e+00
2.132362672321715629e-06,1.000460175727622136e+00,0.000000000000000000e+00
2.133330455590970244e-06,1.000460175727622136e+00,0.000000000000000000e+00
2.134298238860224858e-06,1.000460175727622136e+00,0.000000000000000000e+00
2.135266022129479472e-06,1.000460175727622136e+00,0.000000000000000000e+00
2.136233805398734087e-06,1.000460175727622136e+00,0.000000000000000000e+00
2.137201588667988701e-06,1.000460175727622136e+00,0.000000000000000000e+00
2.138169371937243315e-06,1.000460175727622136e+00,0.000000000000000000e+00
2.139137155206497930e-06,1.000460175727622136e+00,0.000000000000000000e+00
2.140104938475752544e-06,1.000460175727622136e+00,0.000000000000000000e+00
2.141072721745007158e-06,1.000460175727622136e+00,0.000000000000000000e+00
2.142040505014261773e-06,1.000460175727622136e+00,0.000000000000000000e+00
2.143008288283516387e-06,1.000460175727622136e+00,0.000000000000000000e+00
2.143976071552771001e-06,1.000460175727622136e+00,0.000000000000000000e+00
2.144943854822025616e-06,1.000460175727622136e+00,0.000000000000000000e+00
2.145911638091280654e-06,1.000460175727622136e+00,0.000000000000000000e+00
2.146879421360535268e-06,1.000460175727622136e+00,0.000000000000000000e+00
2.147847204629789882e-06,1.000460175727622136e+00,0.000000000000000000e+00
2.148814987899044497e-06,1.000460175727622136e+00,0.000000000000000000e+00
2.149782771168299111e-06,1.000460175727622136e+00,0.000000000000000000e+00
2.150750554437553725e-06,1.000460175727622136e+00,0.000000000000000000e+00
2.151718337706808340e-06,1.000460175727622136e+00,0.000000000000000000e+00
2.152686120976062954e-06,1.000460175727622136e+00,0.000000000000000000e+00
2.153653904245317568e-06,1.000460175727622136e+00,0.000000000000000000e+00
2.154621687514572183e-06,1.000460175727622136e+00,0.000000000000000000e+00
2.155589470783826797e-06,1.000460175727622136e+00,0.000000000000000000e+00
2.156557254053081411e-06,1.000460175727622136e+00,0.000000000000000000e+00
2.157525037322336026e-06,1.000460175727622136e+00,0.000000000000000000e+00
2.158492820591590640e-06,1.000460175727622136e+00,0.000000000000000000e+00
2.159460603860845254e-06,1.000460175727622136e+00,0.000000000000000000e+00
2.160428387130099869e-06,1.000460175727622136e+00,0.000000000000000000e+00
2.161396170399354483e-06,1.000460175727622136e+00,0.000000000000000000e+00
2.162363953668609097e-06,1.000460175727622136e+00,0.000000000000000000e+00
2.163331736937863712e-06,1.000460175727622136e+00,0.000000000000000000e+00
2.164299520207118326e-06,1.000460175727622136e+00,0.000000000000000000e+00
2.165267303476372941e-06,1.000460175727622136e+00,0.000000000000000000e+00
2.166235086745627555e-06,1.000460175727622136e+00,0.000000000000000000e+00
2.167202870014882169e-06,1.000460175727622136e+00,0.000000000000000000e+00
2.168170653284136784e-06,1.000460175727622136e+00,0.000000000000000000e+00
2.169138436553391398e-06,1.000460175727622136e+00,0.000000000000000000e+00
2.170106219822646012e-06,1.000460175727622136e+00,0.000000000000000000e+00
2.171074003091900627e-06,1.000460175727622136e+00,0.000000000000000000e+00
2.172041786361155241e-06,1.000460175727622136e+00,0.000000000000000000e+00
2.173009569630409855e-06,1.000460175727622136e+00,0.000000000000000000e+00
2.173977352899664470e-06,1.000460175727622136e+00,0.000000000000000000e+00
2.174945136168919084e-06,1.000460175727622136e+00,0.000000000000000000e+00
2.175912919438173698e-06,1.000460175727622136e+00,0.000000000000000000e+00
2.176880702707428313e-06,1.000460175727622136e+00,0.000000000000000000e+00
2.177848485976682927e-06,1.000460175727622136e+00,0.000000000000000000e+00
2.178816269245937541e-06,1.000460175727622136e+00,0.000000000000000000e+00
2.179784052515192156e-06,1.000460175727622136e+00,0.000000000000000000e+00
2.180751835784446770e-06,1.000460175727622136e+00,0.000000000000000000e+00
2.181719619053701384e-06,1.000460175727622136e+00,0.000000000000000000e+00
2.182687402322955999e-06,1.000460175727622136e+00,0.000000000000000000e+00
2.183655185592210613e-06,1.000460175727622136e+00,0.000000000000000000e+00
2.184622968861465227e-06,1.000460175727622136e+00,0.000000000000000000e+00
2.185590752130719842e-06,1.000460175727622136e+00,0.000000000000000000e+00
2.186558535399974456e-06,1.000460175727622136e+00,0.000000000000000000e+00
2.187526318669229494e-06,1.000460175727622136e+00,0.000000000000000000e+00
2.188494101938484108e-06,1.000460175727622136e+00,0.000000000000000000e+00
2.189461885207738723e-06,1.000460175727622136e+00,0.000000000000000000e+00
2.190429668476993337e-06,1.000460175727622136e+00,0.000000000000000000e+00
2.191397451746247951e-06,1.000460175727622136e+00,0.000000000000000000e+00
2.192365235015502566e-06,1.000460175727622136e+00,0.000000000000000000e+00
2.193333018284757180e-06,1.000460175727622136e+00,0.000000000000000000e+00
2.194300801554011794e-06,1.000460175727622136e+00,0.000000000000000000e+00
2.195268584823266409e-06,1.000460175727622136e+00,0.000000000000000000e+00
2.196236368092521023e-06,1.000460175727622136e+00,0.000000000000000000e+00
2.197204151361775637e-06,1.000460175727622136e+00,0.000000000000000000e+00
2.198171934631030252e-06,1.000460175727622136e+00,0.000000000000000000e+00
2.199139717900284866e-06,1.000460175727622136e+00,0.000000000000000000e+00
2.200107501169539480e-06,1.000460175727622136e+00,0.000000000000000000e+00
2.201075284438794095e-06,1.000460175727622136e+00,0.000000000000000000e+00
2.202043067708048709e-06,1.000460175727622136e+00,0.000000000000000000e+00
2.203010850977303324e-06,1.000460175727622136e+00,0.000000000000000000e+00
2.203978634246557938e-06,1.000460175727622136e+00,0.000000000000000000e+00
2.204946417515812552e-06,1.000460175727622136e+00,0.000000000000000000e+00
2.205914200785067167e-06,1.000460175727622136e+00,0.000000000000000000e+00
2.206881984054321781e-06,1.000460175727622136e+00,0.000000000000000000e+00
2.207849767323576395e-06,1.000460175727622136e+00,0.000000000000000000e+00
2.208817550592831010e-06,1.000460175727622136e+00,0.000000000000000000e+00
2.209785333862085624e-06,1.000460175727622136e+00,0.000000000000000000e+00
2.210753117131340238e-06,1.000460175727622136e+00,0.000000000000000000e+00
2.211720900400594853e-06,1.000460175727622136e+00,0.000000000000000000e+00
2.212688683669849467e-06,1.000460175727622136e+00,0.000000000000000000e+00
2.213656466939104081e-06,1.000460175727622136e+00,0.000000000000000000e+00
2.214624250208358696e-06,1.000460175727622136e+00,0.000000000000000000e+00
2.215592033477613310e-06,1.000460175727622136e+00,0.000000000000000000e+00
2.216559816746867924e-06,1.000460175727622136e+00,0.000000000000000000e+00
2.217527600016122539e-06,1.000460175727622136e+00,0.000000000000000000e+00
2.218495383285377153e-06,1.000460175727622136e+00,0.000000000000000000e+00
2.219463166554631767e-06,1.000460175727622136e+00,0.000000000000000000e+00
2.220430949823886382e-06,1.000460175727622136e+00,0.000000000000000000e+00
2.221398733093140996e-06,1.000460175727622136e+00,0.000000000000000000e+00
2.222366516362395610e-06,1.000460175727622136e+00,0.000000000000000000e+00
2.223334299631650225e-06,1.000460175727622136e+00,0.000000000000000000e+00
2.224302082900904839e-06,1.000460175727622136e+00,0.000000000000000000e+00
2.225269866170159453e-06,1.000460175727622136e+00,0.000000000000000000e+00
2.226237649439414068e-06,1.000460175727622136e+00,0.000000000000000000e+00
2.227205432708668682e-06,1.000460175727622136e+00,0.000000000000000000e+00
2.228173215977923297e-06,1.000460175727622136e+00,0.000000000000000000e+00
2.229140999247177911e-06,1.000460175727622136e+00,0.000000000000000000e+00
2.230108782516432949e-06,1.000460175727622136e+00,0.000000000000000000e+00
2.231076565785687563e-06,1.000460175727622136e+00,0.000000000000000000e+00
2.232044349054942177e-06,1.000460175727622136e+00,0.000000000000000000e+00
2.233012132324196792e-06,1.000460175727622136e+00,0.000000000000000000e+00
2.233979915593451406e-06,1.000460175727622136e+00,0.000000000000000000e+00
2.234947698862706020e-06,1.000460175727622136e+00,0.000000000000000000e+00
2.235915482131960635e-06,1.000460175727622136e+00,0.000000000000000000e+00
2.236883265401215249e-06,1.000460175727622136e+00,0.000000000000000000e+00
2.237851048670469863e-06,1.000460175727622136e+00,0.000000000000000000e+00
2.238818831939724478e-06,1.000460175727622136e+00,0.000000000000000000e+00
2.239786615208979092e-06,1.000460175727622136e+00,0.000000000000000000e+00
2.240754398478233707e-06,1.000460175727622136e+00,0.000000000000000000e+00
2.241722181747488321e-06,1.000460175727622136e+00,0.000000000000000000e+00
2.242689965016742935e-06,1.000460175727622136e+00,0.000000000000000000e+00
2.243657748285997550e-06,1.000460175727622136e+00,0.000000000000000000e+00
2.244625531555252164e-06,1.000460175727622136e+00,0.000000000000000000e+00
2.245593314824506778e-06,1.000460175727622136e+00,0.000000000000000000e+00
2.246561098093761393e-06,1.000460175727622136e+00,0.000000000000000000e+00
2.247528881363016007e-06,1.000460175727622136e+00,0.000000000000000000e+00
2.248496664632270621e-06,1.000460175727622136e+00,0.000000000000000000e+00
2.249464447901525236e-06,1.000460175727622136e+00,0.000000000000000000e+00
2.250432231170779850e-06,1.000460175727622136e+00,0.000000000000000000e+00
2.251400014440034464e-06,1.000460175727622136e+00,0.000000000000000000e+00
2.252367797709289079e-06,1.000460175727622136e+00,0.000000000000000000e+00
2.253335580978543693e-06,1.000460175727622136e+00,0.000000000000000000e+00
2.254303364247798307e-06,1.000460175727622136e+00,0.000000000000000000e+00
2.255271147517052922e-06,1.000460175727622136e+00,0.000000000000000000e+00
2.256238930786307536e-06,1.000460175727622136e+00,0.000000000000000000e+00
2.257206714055562150e-06,1.000460175727622136e+00,0.000000000000000000e+00
2.258174497324816765e-06,1.000460175727622136e+00,0.000000000000000000e+00
2.259142280594071379e-06,1.000460175727622136e+00,0.000000000000000000e+00
2.260110063863325993e-06,1.000460175727622136e+00,0.000000000000000000e+00
2.261077847132580608e-06,1.000460175727622136e+00,0.000000000000000000e+00
2.262045630401835222e-06,1.000460175727622136e+00,0.000000000000000000e+00
2.263013413671089836e-06,1.000460175727622136e+00,0.000000000000000000e+00
2.263981196940344451e-06,1.000460175727622136e+00,0.000000000000000000e+00
2.264948980209599065e-06,1.000460175727622136e+00,0.000000000000000000e+00
2.265916763478853680e-06,1.000460175727622136e+00,0.000000000000000000e+00
2.266884546748108294e-06,1.000460175727622136e+00,0.000000000000000000e+00
2.267852330017362908e-06,1.000460175727622136e+00,0.000000000000000000e+00
2.268820113286617523e-06,1.000460175727622136e+00,0.000000000000000000e+00
2.269787896555872137e-06,1.000460175727622136e+00,0.000000000000000000e+00
2.270755679825126751e-06,1.000460175727622136e+00,0.000000000000000000e+00
2.271723463094381366e-06,1.000460175727622136e+00,0.000000000000000000e+00
2.272691246363636403e-06,1.000460175727622136e+00,0.000000000000000000e+00
2.273659029632891018e-06,1.000460175727622136e+00,0.000000000000000000e+00
2.274626812902145632e-06,1.000460175727622136e+00,0.000000000000000000e+00
2.275594596171400247e-06,1.000460175727622136e+00,0.000000000000000000e+00
2.276562379440654861e-06,1.000460175727622136e+00,0.000000000000000000e+00
2.277530162709909475e-06,1.000460175727622136e+00,0.000000000000000000e+00
2.278497945979164090e-06,1.000460175727622136e+00,0.000000000000000000e+00
2.279465729248418704e-06,1.000460175727622136e+00,0.000000000000000000e+00
2.280433512517673318e-06,1.000460175727622136e+00,0.000000000000000000e+00
2.281401295786927933e-06,1.000460175727622136e+00,0.000000000000000000e+00
2.282369079056182547e-06,1.000460175727622136e+00,0.000000000000000000e+00
2.283336862325437161e-06,1.000460175727622136e+00,0.000000000000000000e+00
2.284304645594691776e-06,1.000460175727622136e+00,0.000000000000000000e+00
2.285272428863946390e-06,1.000460175727622136e+00,0.000000000000000000e+00
2.286240212133201004e-06,1.000460175727622136e+00,0.000000000000000000e+00
2.287207995402455619e-06,1.000460175727622136e+00,0.000000000000000000e+00
2.288175778671710233e-06,1.000460175727622136e+00,0.000000000000000000e+00
2.289143561940964847e-06,1.000460175727622136e+00,0.000000000000000000e+00
2.290111345210219462e-06,1.000460175727622136e+00,0.000000000000000000e+00
2.291079128479474076e-06,1.000460175727622136e+00,0.000000000000000000e+00
2.292046911748728690e-06,1.000460175727622136e+00,0.000000000000000000e+00
2.293014695017983305e-06,1.000460175727622136e+00,0.000000000000000000e+00
2.293982478287237919e-06,1.000460175727622136e+00,0.000000000000000000e+00
2.294950261556492533e-06,1.000460175727622136e+00,0.000000000000000000e+00
2.295918044825747148e-06,1.000460175727622136e+00,0.000000000000000000e+00
2.296885828095001762e-06,1.000460175727622136e+00,0.000000000000000000e+00
2.297853611364256376e-06,1.000460175727622136e+00,0.000000000000000000e+00
2.298821394633510991e-06,1.000460175727622136e+00,0.000000000000000000e+00
2.299789177902765605e-06,1.000460175727622136e+00,0.000000000000000000e+00
2.300756961172020220e-06,1.000460175727622136e+00,0.000000000000000000e+00
2.301724744441274834e-06,1.000460175727622136e+00,0.000000000000000000e+00
2.302692527710529448e-06,1.000460175727622136e+00,0.000000000000000000e+00
2.303660310979784063e-06,1.000460175727622136e+00,0.000000000000000000e+00
2.304628094249038677e-06,1.000460175727622136e+00,0.000000000000000000e+00
2.305595877518293291e-06,1.000460175727622136e+00,0.000000000000000000e+00
2.306563660787547906e-06,1.000460175727622136e+00,0.000000000000000000e+00
2.307531444056802520e-06,1.000460175727622136e+00,0.000000000000000000e+00
2.308499227326057134e-06,1.000460175727622136e+00,0.000000000000000000e+00
2.309467010595311749e-06,1.000460175727622136e+00,0.000000000000000000e+00
2.310434793864566363e-06,1.000460175727622136e+00,0.000000000000000000e+00
2.311402577133820977e-06,1.000460175727622136e+00,0.000000000000000000e+00
2.312370360403075592e-06,1.000460175727622136e+00,0.000000000000000000e+00
2.313338143672330206e-06,1.000460175727622136e+00,0.000000000000000000e+00
2.314305926941585244e-06,1.000460175727622136e+00,0.000000000000000000e+00
2.315273710210839858e-06,1.000460175727622136e+00,0.000000000000000000e+00
2.316241493480094473e-06,1.000460175727622136e+00,0.000000000000000000e+00
2.317209276749349087e-06,1.000460175727622136e+00,0.000000000000000000e+00
2.318177060018603701e-06,1.000460175727622136e+00,0.000000000000000000e+00
2.319144843287858316e-06,1.000460175727622136e+00,0.000000000000000000e+00
2.320112626557112930e-06,1.000460175727622136e+00,0.000000000000000000e+00
2.321080409826367544e-06,1.000460175727622136e+00,0.000000000000000000e+00
2.322048193095622159e-06,1.000460175727622136e+00,0.000000000000000000e+00
2.323015976364876773e-06,1.000460175727622136e+00,0.000000000000000000e+00
2.323983759634131387e-06,1.000460175727622136e+00,0.000000000000000000e+00
2.324951542903386002e-06,1.000460175727622136e+00,0.000000000000000000e+00
2.325919326172640616e-06,1.000460175727622136e+00,0.000000000000000000e+00
2.326887109441895230e-06,1.000460175727622136e+00,0.000000000000000000e+00
2.327854892711149845e-06,1.000460175727622136e+00,0.000000000000000000e+00
2.328822675980404459e-06,1.000460175727622136e+00,0.000000000000000000e+00
2.329790459249659073e-06,1.000460175727622136e+00,0.000000000000000000e+00
2.330758242518913688e-06,1.000460175727622136e+00,0.000000000000000000e+00
2.331726025788168302e-06,1.000460175727622136e+00,0.000000000000000000e+00
2.332693809057422916e-06,1.000460175727622136e+00,0.000000000000000000e+00
2.333661592326677531e-06,1.000460175727622136e+00,0.000000000000000000e+00
2.334629375595932145e-06,1.000460175727622136e+00,0.000000000000000000e+00
2.335597158865186759e-06,1.000460175727622136e+00,0.000000000000000000e+00
2.336564942134441374e-06,1.000460175727622136e+00,0.000000000000000000e+00
2.337532725403695988e-06,1.000460175727622136e+00,0.000000000000000000e+00
2.338500508672950603e-06,1.000460175727622136e+00,0.000000000000000000e+00
2.339468291942205217e-06,1.000460175727622136e+00,0.000000000000000000e+00
2.340436075211459831e-06,1.000460175727622136e+00,0.000000000000000000e+00
2.341403858480714446e-06,1.000460175727622136e+00,0.000000000000000000e+00
2.342371641749969060e-06,1.000460175727622136e+00,0.000000000000000000e+00
2.343339425019223674e-06,1.000460175727622136e+00,0.000000000000000000e+00
2.344307208288478289e-06,1.000460175727622136e+00,0.000000000000000000e+00
2.345274991557732903e-06,1.000460175727622136e+00,0.000000000000000000e+00
2.346242774826987517e-06,1.000460175727622136e+00,0.000000000000000000e+00
2.347210558096242132e-06,1.000460175727622136e+00,0.000000000000000000e+00
2.348178341365496746e-06,1.000460175727622136e+00,0.000000000000000000e+00
2.349146124634751360e-06,1.000460175727622136e+00,0.000000000000000000e+00
2.350113907904005975e-06,1.000460175727622136e+00,0.000000000000000000e+00
2.351081691173260589e-06,1.000460175727622136e+00,0.000000000000000000e+00
2.352049474442515203e-06,1.000460175727622136e+00,0.000000000000000000e+00
2.353017257711769818e-06,1.000460175727622136e+00,0.000000000000000000e+00
2.353985040981024432e-06,1.000460175727622136e+00,0.000000000000000000e+00
2.354952824250279046e-06,1.000460175727622136e+00,0.000000000000000000e+00
2.355920607519533661e-06,1.000460175727622136e+00,0.000000000000000000e+00
2.356888390788788699e-06,1.000460175727622136e+00,0.000000000000000000e+00
2.357856174058043313e-06,1.000460175727622136e+00,0.000000000000000000e+00
2.358823957327297927e-06,1.000460175727622136e+00,0.000000000000000000e+00
2.359791740596552542e-06,1.000460175727622136e+00,0.000000000000000000e+00
2.360759523865807156e-06,1.000460175727622136e+00,0.000000000000000000e+00
2.361727307135061770e-06,1.000460175727622136e+00,0.000000000000000000e+00
2.362695090404316385e-06,1.000460175727622136e+00,0.000000000000000000e+00
2.363662873673570999e-06,1.000460175727622136e+00,0.000000000000000000e+00
2.364630656942825613e-06,1.000460175727622136e+00,0.000000000000000000e+00
2.365598440212080228e-06,1.000460175727622136e+00,0.000000000000000000e+00
2.366566223481334842e-06,1.000460175727622136e+00,0.000000000000000000e+00
2.367534006750589456e-06,1.000460175727622136e+00,0.000000000000000000e+00
2.368501790019844071e-06,1.000460175727622136e+00,0.000000000000000000e+00
2.369469573289098685e-06,1.000460175727622136e+00,0.000000000000000000e+00
2.370437356558353299e-06,1.000460175727622136e+00,0.000000000000000000e+00
2.371405139827607914e-06,1.000460175727622136e+00,0.000000000000000000e+00
2.372372923096862528e-06,1.000460175727622136e+00,0.000000000000000000e+00
2.373340706366117143e-06,1.000460175727622136e+00,0.000000000000000000e+00
2.374308489635371757e-06,1.000460175727622136e+00,0.000000000000000000e+00
2.375276272904626371e-06,1.000460175727622136e+00,0.000000000000000000e+00
2.376244056173880986e-06,1.000460175727622136e+00,0.000000000000000000e+00
2.377211839443135600e-06,1.000460175727622136e+00,0.000000000000000000e+00
2.378179622712390214e-06,1.000460175727622136e+00,0.000000000000000000e+00
2.379147405981644829e-06,1.000460175727622136e+00,0.000000000000000000e+00
2.380115189250899443e-06,1.000460175727622136e+00,0.000000000000000000e+00
2.381082972520154057e-06,1.000460175727622136e+00,0.000000000000000000e+00
2.382050755789408672e-06,1.000460175727622136e+00,0.000000000000000000e+00
2.383018539058663286e-06,1.000460175727622136e+00,0.000000000000000000e+00
2.383986322327917900e-06,1.000460175727622136e+00,0.000000000000000000e+00
2.384954105597172515e-06,1.000460175727622136e+00,0.000000000000000000e+00
2.385921888866427129e-06,1.000460175727622136e+00,0.000000000000000000e+00
2.386889672135681743e-06,1.000460175727622136e+00,0.000000000000000000e+00
2.387857455404936358e-06,1.000460175727622136e+00,0.000000000000000000e+00
2.388825238674190972e-06,1.000460175727622136e+00,0.000000000000000000e+00
2.389793021943445586e-06,1.000460175727622136e+00,0.000000000000000000e+00
2.390760805212700201e-06,1.000460175727622136e+00,0.000000000000000000e+00
2.391728588481954815e-06,1.000460175727622136e+00,0.000000000000000000e+00
2.392696371751209429e-06,1.000460175727622136e+00,0.000000000000000000e+00
2.393664155020464044e-06,1.000460175727622136e+00,0.000000000000000000e+00
2.394631938289718658e-06,1.000460175727622136e+00,0.000000000000000000e+00
2.395599721558973272e-06,1.000460175727622136e+00,0.000000000000000000e+00
2.396567504828227887e-06,1.000460175727622136e+00,0.000000000000000000e+00
2.397535288097482501e-06,1.000460175727622136e+00,0.000000000000000000e+00
2.398503071366737539e-06,1.000460175727622136e+00,0.000000000000000000e+00
2.399470854635992153e-06,1.000460175727622136e+00,0.000000000000000000e+00
2.400438637905246768e-06,1.000460175727622136e+00,0.000000000000000000e+00
2.401406421174501382e-06,1.000460175727622136e+00,0.000000000000000000e+00
2.402374204443755996e-06,1.000460175727622136e+00,0.000000000000000000e+00
2.403341987713010611e-06,1.000460175727622136e+00,0.000000000000000000e+00
2.404309770982265225e-06,1.000460175727622136e+00,0.000000000000000000e+00
2.405277554251519839e-06,1.000460175727622136e+00,0.000000000000000000e+00
2.406245337520774454e-06,1.000460175727622136e+00,0.000000000000000000e+00
2.407213120790029068e-06,1.000460175727622136e+00,0.000000000000000000e+00
2.408180904059283682e-06,1.000460175727622136e+00,0.000000000000000000e+00
2.409148687328538297e-06,1.000460175727622136e+00,0.000000000000000000e+00
2.410116470597792911e-06,1.000460175727622136e+00,0.000000000000000000e+00
2.411084253867047526e-06,1.000460175727622136e+00,0.000000000000000000e+00
2.412052037136302140e-06,1.000460175727622136e+00,0.000000000000000000e+00
2.413019820405556754e-06,1.000460175727622136e+00,0.000000000000000000e+00
2.413987603674811369e-06,1.000460175727622136e+00,0.000000000000000000e+00
2.414955386944065983e-06,1.000460175727622136e+00,0.000000000000000000e+00
2.415923170213320597e-06,1.000460175727622136e+00,0.000000000000000000e+00
2.416890953482575212e-06,1.000460175727622136e+00,0.000000000000000000e+00
2.417858736751829826e-06,1.000460175727622136e+00,0.000000000000000000e+00
2.418826520021084440e-06,1.000460175727622136e+00,0.000000000000000000e+00
2.419794303290339055e-06,1.000460175727622136e+00,0.000000000000000000e+00
2.420762086559593669e-06,1.000460175727622136e+00,0.000000000000000000e+00
2.421729869828848283e-06,1.000460175727622136e+00,0.000000000000000000e+00
2.422697653098102898e-06,1.000460175727622136e+00,0.000000000000000000e+00
2.423665436367357512e-06,1.000460175727622136e+00,0.000000000000000000e+00
2.424633219636612126e-06,1.000460175727622136e+00,0.000000000000000000e+00
2.425601002905866741e-06,1.000460175727622136e+00,0.000000000000000000e+00
2.426568786175121355e-06,1.000460175727622136e+00,0.000000000000000000e+00
2.427536569444375969e-06,1.000460175727622136e+00,0.000000000000000000e+00
2.428504352713630584e-06,1.000460175727622136e+00,0.000000000000000000e+00
2.429472135982885198e-06,1.000460175727622136e+00,0.000000000000000000e+00
2.430439919252139812e-06,1.000460175727622136e+00,0.000000000000000000e+00
2.431407702521394427e-06,1.000460175727622136e+00,0.000000000000000000e+00
2.432375485790649041e-06,1.000460175727622136e+00,0.000000000000000000e+00
2.433343269059903655e-06,1.000460175727622136e+00,0.000000000000000000e+00
2.434311052329158270e-06,1.000460175727622136e+00,0.000000000000000000e+00
2.435278835598412884e-06,1.000460175727622136e+00,0.000000000000000000e+00
2.436246618867667499e-06,1.000460175727622136e+00,0.000000000000000000e+00
2.437214402136922113e-06,1.000460175727622136e+00,0.000000000000000000e+00
2.438182185406176727e-06,1.000460175727622136e+00,0.000000000000000000e+00
2.439149968675431342e-06,1.000460175727622136e+00,0.000000000000000000e+00
2.440117751944685956e-06,1.000460175727622136e+00,0.000000000000000000e+00
2.441085535213940994e-06,1.000460175727622136e+00,0.000000000000000000e+00
2.442053318483195608e-06,1.000460175727622136e+00,0.000000000000000000e+00
2.443021101752450222e-06,1.000460175727622136e+00,0.000000000000000000e+00
2.443988885021704837e-06,1.000460175727622136e+00,0.000000000000000000e+00
2.444956668290959451e-06,1.000460175727622136e+00,0.000000000000000000e+00
2.445924451560214065e-06,1.000460175727622136e+00,0.000000000000000000e+00
2.446892234829468680e-06,1.000460175727622136e+00,0.000000000000000000e+00
2.447860018098723294e-06,1.000460175727622136e+00,0.000000000000000000e+00
2.448827801367977909e-06,1.000460175727622136e+00,0.000000000000000000e+00
2.449795584637232523e-06,1.000460175727622136e+00,0.000000000000000000e+00
2.450763367906487137e-06,1.000460175727622136e+00,0.000000000000000000e+00
2.451731151175741752e-06,1.000460175727622136e+00,0.000000000000000000e+00
2.452698934444996366e-06,1.000460175727622136e+00,0.000000000000000000e+00
2.453666717714250980e-06,1.000460175727622136e+00,0.000000000000000000e+00
2.454634500983505595e-06,1.000460175727622136e+00,0.000000000000000000e+00
2.455602284252760209e-06,1.000460175727622136e+00,0.000000000000000000e+00
2.456570067522014823e-06,1.000460175727622136e+00,0.000000000000000000e+00
2.457537850791269438e-06,1.000460175727622136e+00,0.000000000000000000e+00
2.458505634060524052e-06,1.000460175727622136e+00,0.000000000000000000e+00
2.459473417329778666e-06,1.000460175727622136e+00,0.000000000000000000e+00
2.460441200599033281e-06,1.000460175727622136e+00,0.000000000000000000e+00
2.461408983868287895e-06,1.000460175727622136e+00,0.000000000000000000e+00
2.462376767137542509e-06,1.000460175727622136e+00,0.000000000000000000e+00
2.463344550406797124e-06,1.000460175727622136e+00,0.000000000000000000e+00
2.464312333676051738e-06,1.000460175727622136e+00,0.000000000000000000e+00
2.465280116945306352e-06,1.000460175727622136e+00,0.000000000000000000e+00
2.466247900214560967e-06,1.000460175727622136e+00,0.000000000000000000e+00
2.467215683483815581e-06,1.000460175727622136e+00,0.000000000000000000e+00
2.468183466753070195e-06,1.000460175727622136e+00,0.000000000000000000e+00
2.469151250022324810e-06,1.000460175727622136e+00,0.000000000000000000e+00
2.470119033291579424e-06,1.000460175727622136e+00,0.000000000000000000e+00
2.471086816560834038e-06,1.000460175727622136e+00,0.000000000000000000e+00
2.472054599830088653e-06,1.000460175727622136e+00,0.000000000000000000e+00
2.473022383099343267e-06,1.000460175727622136e+00,0.000000000000000000e+00
2.473990166368597882e-06,1.000460175727622136e+00,0.000000000000000000e+00
2.474957949637852496e-06,1.000460175727622136e+00,0.000000000000000000e+00
2.475925732907107110e-06,1.000460175727622136e+00,0.000000000000000000e+00
2.476893516176361725e-06,1.000460175727622136e+00,0.000000000000000000e+00
2.477861299445616339e-06,1.000460175727622136e+00,0.000000000000000000e+00
2.478829082714870953e-06,1.000460175727622136e+00,0.000000000000000000e+00
2.479796865984125568e-06,1.000460175727622136e+00,0.000000000000000000e+00
2.480764649253380182e-06,1.000460175727622136e+00,0.000000000000000000e+00
2.481732432522634796e-06,1.000460175727622136e+00,0.000000000000000000e+00
2.482700215791889834e-06,1.000460175727622136e+00,0.000000000000000000e+00
2.483667999061144449e-06,1.000460175727622136e+00,0.000000000000000000e+00
2.484635782330399063e-06,1.000460175727622136e+00,0.000000000000000000e+00
2.485603565599653677e-06,1.000460175727622136e+00,0.000000000000000000e+00
2.486571348868908292e-06,1.000460175727622136e+00,0.000000000000000000e+00
2.487539132138162906e-06,1.000460175727622136e+00,0.000000000000000000e+00
2.488506915407417520e-06,1.000460175727622136e+00,0.000000000000000000e+00
2.489474698676672135e-06,1.000460175727622136e+00,0.000000000000000000e+00
2.490442481945926749e-06,1.000460175727622136e+00,0.000000000000000000e+00
2.491410265215181363e-06,1.000460175727622136e+00,0.000000000000000000e+00
2.492378048484435978e-06,1.000460175727622136e+00,0.000000000000000000e+00
2.493345831753690592e-06,1.000460175727622136e+00,0.000000000000000000e+00
2.494313615022945206e-06,1.000460175727622136e+00,0.000000000000000000e+00
2.495281398292199821e-06,1.000460175727622136e+00,0.000000000000000000e+00
2.496249181561454435e-06,1.000460175727622136e+00,0.000000000000000000e+00
2.497216964830709049e-06,1.000460175727622136e+00,0.000000000000000000e+00
2.498184748099963664e-06,1.000460175727622136e+00,0.000000000000000000e+00
2.499152531369218278e-06,1.000460175727622136e+00,0.000000000000000000e+00
2.500120314638472892e-06,1.000460175727622136e+00,0.000000000000000000e+00
2.501088097907727507e-06,1.000460175727622136e+00,0.000000000000000000e+00
2.502055881176982121e-06,1.000460175727622136e+00,0.000000000000000000e+00
2.503023664446236735e-06,1.000460175727622136e+00,0.000000000000000000e+00
2.503991447715491350e-06,1.000460175727622136e+00,0.000000000000000000e+00
2.504959230984745964e-06,1.000460175727622136e+00,0.000000000000000000e+00
2.505927014254000578e-06,1.000460175727622136e+00,0.000000000000000000e+00
2.506894797523255193e-06,1.000460175727622136e+00,0.000000000000000000e+00
2.507862580792509807e-06,1.000460175727622136e+00,0.000000000000000000e+00
2.508830364061764422e-06,1.000460175727622136e+00,0.000000000000000000e+00
2.509798147331019036e-06,1.000460175727622136e+00,0.000000000000000000e+00
2.510765930600273650e-06,1.000460175727622136e+00,0.000000000000000000e+00
2.511733713869528265e-06,1.000460175727622136e+00,0.000000000000000000e+00
2.512701497138782879e-06,1.000460175727622136e+00,0.000000000000000000e+00
2.513669280408037493e-06,1.000460175727622136e+00,0.000000000000000000e+00
2.514637063677292108e-06,1.000460175727622136e+00,0.000000000000000000e+00
2.515604846946546722e-06,1.000460175727622136e+00,0.000000000000000000e+00
2.516572630215801336e-06,1.000460175727622136e+00,0.000000000000000000e+00
2.517540413485055951e-06,1.000460175727622136e+00,0.000000000000000000e+00
2.518508196754310565e-06,1.000460175727622136e+00,0.000000000000000000e+00
2.519475980023565179e-06,1.000460175727622136e+00,0.000000000000000000e+00
2.520443763292819794e-06,1.000460175727622136e+00,0.000000000000000000e+00
2.521411546562074408e-06,1.000460175727622136e+00,0.000000000000000000e+00
2.522379329831329022e-06,1.000460175727622136e+00,0.000000000000000000e+00
2.523347113100583637e-06,1.000460175727622136e+00,0.000000000000000000e+00
2.524314896369838251e-06,1.000460175727622136e+00,0.000000000000000000e+00
2.525282679639093289e-06,1.000460175727622136e+00,0.000000000000000000e+00
2.526250462908347903e-06,1.000460175727622136e+00,0.000000000000000000e+00
2.527218246177602518e-06,1.000460175727622136e+00,0.000000000000000000e+00
2.528186029446857132e-06,1.000460175727622136e+00,0.000000000000000000e+00
2.529153812716111746e-06,1.000460175727622136e+00,0.000000000000000000e+00
2.530121595985366361e-06,1.000460175727622136e+00,0.000000000000000000e+00
2.531089379254620975e-06,1.000460175727622136e+00,0.000000000000000000e+00
2.532057162523875589e-06,1.000460175727622136e+00,0.000000000000000000e+00
2.533024945793130204e-06,1.000460175727622136e+00,0.000000000000000000e+00
2.533992729062384818e-06,1.000460175727622136e+00,0.000000000000000000e+00
2.534960512331639432e-06,1.000460175727622136e+00,0.000000000000000000e+00
2.535928295600894047e-06,1.000460175727622136e+00,0.000000000000000000e+00
2.536896078870148661e-06,1.000460175727622136e+00,0.000000000000000000e+00
2.537863862139403275e-06,1.000460175727622136e+00,0.000000000000000000e+00
2.538831645408657890e-06,1.000460175727622136e+00,0.000000000000000000e+00
2.539799428677912504e-06,1.000460175727622136e+00,0.000000000000000000e+00
2.540767211947167118e-06,1.000460175727622136e+00,0.000000000000000000e+00
2.541734995216421733e-06,1.000460175727622136e+00,0.000000000000000000e+00
2.542702778485676347e-06,1.000460175727622136e+00,0.000000000000000000e+00
2.543670561754930961e-06,1.000460175727622136e+00,0.000000000000000000e+00
2.544638345024185576e-06,1.000460175727622136e+00,0.000000000000000000e+00
2.545606128293440190e-06,1.000460175727622136e+00,0.000000000000000000e+00
2.546573911562694805e-06,1.000460175727621914e+00,0.000000000000000000e+00
2.547541694831949419e-06,1.000460175727622136e+00,0.000000000000000000e+00
2.548509478101204033e-06,1.000460175727622136e+00,0.000000000000000000e+00
2.549477261370458648e-06,1.000460175727622136e+00,0.000000000000000000e+00
2.550445044639713262e-06,1.000460175727622136e+00,0.000000000000000000e+00
2.551412827908967876e-06,1.000460175727622136e+00,0.000000000000000000e+00
2.552380611178222491e-06,1.000460175727622136e+00,0.000000000000000000e+00
2.553348394447477105e-06,1.000460175727621914e+00,0.000000000000000000e+00
2.554316177716731719e-06,1.000460175727621914e+00,0.000000000000000000e+00
2.555283960985986334e-06,1.000460175727621692e+00,0.000000000000000000e+00
2.556251744255240948e-06,1.000460175727621914e+00,0.000000000000000000e+00
2.557219527524495562e-06,1.000460175727621914e+00,0.000000000000000000e+00
2.558187310793750177e-06,1.000460175727622136e+00,0.000000000000000000e+00
2.559155094063004791e-06,1.000460175727621914e+00,0.000000000000000000e+00
2.560122877332259405e-06,1.000460175727622136e+00,0.000000000000000000e+00
2.561090660601514020e-06,1.000460175727621914e+00,0.000000000000000000e+00
2.562058443870768634e-06,1.000460175727622136e+00,0.000000000000000000e+00
2.563026227140023248e-06,1.000460175727622136e+00,0.000000000000000000e+00
2.563994010409277863e-06,1.000460175727622358e+00,0.000000000000000000e+00
2.564961793678532477e-06,1.000460175727622580e+00,0.000000000000000000e+00
2.565929576947787091e-06,1.000460175727622580e+00,0.000000000000000000e+00
2.566897360217041706e-06,1.000460175727622802e+00,0.000000000000000000e+00
2.567865143486296744e-06,1.000460175727622802e+00,0.000000000000000000e+00
2.568832926755551358e-06,1.000460175727622802e+00,0.000000000000000000e+00
2.569800710024805972e-06,1.000460175727623024e+00,0.000000000000000000e+00
2.570768493294060587e-06,1.000460175727622802e+00,0.000000000000000000e+00
2.571736276563315201e-06,1.000460175727623024e+00,0.000000000000000000e+00
2.572704059832569815e-06,1.000460175727622802e+00,0.000000000000000000e+00
2.573671843101824430e-06,1.000460175727622358e+00,0.000000000000000000e+00
2.574639626371079044e-06,1.000460175727622136e+00,0.000000000000000000e+00
2.575607409640333658e-06,1.000460175727621692e+00,0.000000000000000000e+00
2.576575192909588273e-06,1.000460175727621248e+00,0.000000000000000000e+00
2.577542976178842887e-06,1.000460175727620804e+00,0.000000000000000000e+00
2.578510759448097501e-06,1.000460175727620138e+00,0.000000000000000000e+00
2.579478542717352116e-06,1.000460175727619472e+00,0.000000000000000000e+00
2.580446325986606730e-06,1.000460175727619250e+00,0.000000000000000000e+00
2.581414109255861345e-06,1.000460175727618584e+00,0.000000000000000000e+00
2.582381892525115959e-06,1.000460175727618806e+00,0.000000000000000000e+00
2.583349675794370573e-06,1.000460175727618806e+00,0.000000000000000000e+00
2.584317459063625188e-06,1.000460175727619028e+00,0.000000000000000000e+00
2.585285242332879802e-06,1.000460175727619472e+00,0.000000000000000000e+00
2.586253025602134416e-06,1.000460175727620360e+00,0.000000000000000000e+00
2.587220808871389031e-06,1.000460175727621692e+00,0.000000000000000000e+00
2.588188592140643645e-06,1.000460175727623247e+00,0.000000000000000000e+00
2.589156375409898259e-06,1.000460175727625245e+00,0.000000000000000000e+00
2.590124158679152874e-06,1.000460175727627021e+00,0.000000000000000000e+00
2.591091941948407488e-06,1.000460175727629242e+00,0.000000000000000000e+00
2.592059725217662102e-06,1.000460175727631240e+00,0.000000000000000000e+00
2.593027508486916717e-06,1.000460175727633017e+00,0.000000000000000000e+00
2.593995291756171331e-06,1.000460175727634349e+00,0.000000000000000000e+00
2.594963075025425945e-06,1.000460175727634793e+00,0.000000000000000000e+00
2.595930858294680560e-06,1.000460175727634793e+00,0.000000000000000000e+00
2.596898641563935174e-06,1.000460175727634349e+00,0.000000000000000000e+00
2.597866424833189788e-06,1.000460175727632572e+00,0.000000000000000000e+00
2.598834208102444403e-06,1.000460175727629908e+00,0.000000000000000000e+00
2.599801991371699017e-06,1.000460175727625911e+00,0.000000000000000000e+00
2.600769774640953631e-06,1.000460175727620360e+00,0.000000000000000000e+00
2.601737557910208246e-06,1.000460175727613477e+00,0.000000000000000000e+00
2.602705341179462860e-06,1.000460175727606149e+00,0.000000000000000000e+00
2.603673124448717474e-06,1.000460175727598378e+00,0.000000000000000000e+00
2.604640907717972089e-06,1.000460175727590828e+00,0.000000000000000000e+00
2.605608690987226703e-06,1.000460175727583945e+00,0.000000000000000000e+00
2.606576474256481318e-06,1.000460175727578394e+00,0.000000000000000000e+00
2.607544257525735932e-06,1.000460175727574841e+00,0.000000000000000000e+00
2.608512040794990546e-06,1.000460175727573287e+00,0.000000000000000000e+00
2.609479824064245584e-06,1.000460175727574619e+00,0.000000000000000000e+00
2.610447607333500198e-06,1.000460175727579282e+00,0.000000000000000000e+00
2.611415390602754813e-06,1.000460175727587497e+00,0.000000000000000000e+00
2.612383173872009427e-06,1.000460175727600598e+00,0.000000000000000000e+00
2.613350957141264041e-06,1.000460175727618140e+00,0.000000000000000000e+00
2.614318740410518656e-06,1.000460175727641010e+00,0.000000000000000000e+00
2.615286523679773270e-06,1.000460175727667878e+00,0.000000000000000000e+00
2.616254306949027884e-06,1.000460175727696743e+00,0.000000000000000000e+00
2.617222090218282499e-06,1.000460175727725831e+00,0.000000000000000000e+00
2.618189873487537113e-06,1.000460175727752921e+00,0.000000000000000000e+00
2.619157656756791728e-06,1.000460175727776679e+00,0.000000000000000000e+00
2.620125440026046342e-06,1.000460175727794887e+00,0.000000000000000000e+00
2.621093223295300956e-06,1.000460175727805545e+00,0.000000000000000000e+00
2.622061006564555571e-06,1.000460175727806877e+00,0.000000000000000000e+00
2.623028789833810185e-06,1.000460175727796885e+00,0.000000000000000000e+00
2.623996573103064799e-06,1.000460175727774237e+00,0.000000000000000000e+00
2.624964356372319414e-06,1.000460175727736489e+00,0.000000000000000000e+00
2.625932139641574028e-06,1.000460175727681644e+00,0.000000000000000000e+00
2.626899922910828642e-06,1.000460175727608370e+00,0.000000000000000000e+00
2.627867706180083257e-06,1.000460175727516221e+00,0.000000000000000000e+00
2.628835489449337871e-06,1.000460175727412304e+00,0.000000000000000000e+00
2.629803272718592485e-06,1.000460175727303280e+00,0.000000000000000000e+00
2.630771055987847100e-06,1.000460175727195811e+00,0.000000000000000000e+00
2.631738839257101714e-06,1.000460175727097001e+00,0.000000000000000000e+00
2.632706622526356328e-06,1.000460175727013734e+00,0.000000000000000000e+00
2.633674405795610943e-06,1.000460175726952894e+00,0.000000000000000000e+00
2.634642189064865557e-06,1.000460175726922030e+00,0.000000000000000000e+00
2.635609972334120171e-06,1.000460175726927803e+00,0.000000000000000000e+00
2.636577755603374786e-06,1.000460175726976653e+00,0.000000000000000000e+00
2.637545538872629400e-06,1.000460175727075907e+00,0.000000000000000000e+00
2.638513322141884014e-06,1.000460175727232670e+00,0.000000000000000000e+00
2.639481105411138629e-06,1.000460175727453827e+00,0.000000000000000000e+00
2.640448888680393243e-06,1.000460175727745815e+00,0.000000000000000000e+00
2.641416671949647857e-06,1.000460175728102197e+00,0.000000000000000000e+00
2.642384455218902472e-06,1.000460175728498324e+00,0.000000000000000000e+00
2.643352238488157086e-06,1.000460175728909107e+00,0.000000000000000000e+00
2.644320021757411701e-06,1.000460175729308121e+00,0.000000000000000000e+00
2.645287805026666315e-06,1.000460175729670720e+00,0.000000000000000000e+00
2.646255588295920929e-06,1.000460175729970702e+00,0.000000000000000000e+00
2.647223371565175544e-06,1.000460175730182755e+00,0.000000000000000000e+00
2.648191154834430158e-06,1.000460175730281343e+00,0.000000000000000000e+00
2.649158938103684772e-06,1.000460175730241152e+00,0.000000000000000000e+00
2.650126721372939387e-06,1.000460175730035983e+00,0.000000000000000000e+00
2.651094504642194001e-06,1.000460175729640744e+00,0.000000000000000000e+00
2.652062287911449039e-06,1.000460175729029677e+00,0.000000000000000000e+00
2.653030071180703653e-06,1.000460175728177248e+00,0.000000000000000000e+00
2.653997854449958267e-06,1.000460175727060141e+00,0.000000000000000000e+00
2.654965637719212882e-06,1.000460175725709666e+00,0.000000000000000000e+00
2.655933420988467496e-06,1.000460175724217748e+00,0.000000000000000000e+00
2.656901204257722111e-06,1.000460175722677647e+00,0.000000000000000000e+00
2.657868987526976725e-06,1.000460175721183509e+00,0.000000000000000000e+00
2.658836770796231339e-06,1.000460175719829703e+00,0.000000000000000000e+00
2.659804554065485954e-06,1.000460175718709932e+00,0.000000000000000000e+00
2.660772337334740568e-06,1.000460175717917899e+00,0.000000000000000000e+00
2.661740120603995182e-06,1.000460175717548195e+00,0.000000000000000000e+00
2.662707903873249797e-06,1.000460175717694300e+00,0.000000000000000000e+00
2.663675687142504411e-06,1.000460175718450584e+00,0.000000000000000000e+00
2.664643470411759025e-06,1.000460175719910749e+00,0.000000000000000000e+00
2.665611253681013640e-06,1.000460175722169165e+00,0.000000000000000000e+00
2.666579036950268254e-06,1.000460175725319312e+00,0.000000000000000000e+00
2.667546820219522868e-06,1.000460175729450674e+00,0.000000000000000000e+00
2.668514603488777483e-06,1.000460175734465773e+00,0.000000000000000000e+00
2.669482386758032097e-06,1.000460175740033542e+00,0.000000000000000000e+00
2.670450170027286711e-06,1.000460175745809144e+00,0.000000000000000000e+00
2.671417953296541326e-06,1.000460175751447078e+00,0.000000000000000000e+00
2.672385736565795940e-06,1.000460175756601400e+00,0.000000000000000000e+00
2.673353519835050554e-06,1.000460175760927051e+00,0.000000000000000000e+00
2.674321303104305169e-06,1.000460175764078530e+00,0.000000000000000000e+00
2.675289086373559783e-06,1.000460175765710336e+00,0.000000000000000000e+00
2.676256869642814397e-06,1.000460175765476967e+00,0.000000000000000000e+00
2.677224652912069012e-06,1.000460175763032922e+00,0.000000000000000000e+00
2.678192436181323626e-06,1.000460175758032699e+00,0.000000000000000000e+00
2.679160219450578240e-06,1.000460175750131020e+00,0.000000000000000000e+00
2.680128002719832855e-06,1.000460175738982160e+00,0.000000000000000000e+00
2.681095785989087469e-06,1.000460175724243506e+00,0.000000000000000000e+00
2.682063569258342084e-06,1.000460175706036514e+00,0.000000000000000000e+00
2.683031352527596698e-06,1.000460175685497166e+00,0.000000000000000000e+00
2.683999135796851312e-06,1.000460175663895113e+00,0.000000000000000000e+00
2.684966919066105927e-06,1.000460175642499783e+00,0.000000000000000000e+00
2.685934702335360541e-06,1.000460175622580827e+00,0.000000000000000000e+00
2.686902485604615155e-06,1.000460175605407898e+00,0.000000000000000000e+00
2.687870268873869770e-06,1.000460175592250645e+00,0.000000000000000000e+00
2.688838052143124384e-06,1.000460175584377609e+00,0.000000000000000000e+00
2.689805835412378998e-06,1.000460175583059774e+00,0.000000000000000000e+00
2.690773618681633613e-06,1.000460175589565681e+00,0.000000000000000000e+00
2.691741401950888227e-06,1.000460175605164981e+00,0.000000000000000000e+00
2.692709185220142841e-06,1.000460175631127546e+00,0.000000000000000000e+00
2.693676968489397879e-06,1.000460175668723029e+00,0.000000000000000000e+00
2.694644751758652494e-06,1.000460175719220191e+00,0.000000000000000000e+00
2.695612535027907108e-06,1.000460175783269179e+00,0.000000000000000000e+00
2.696580318297161722e-06,1.000460175857676992e+00,0.000000000000000000e+00
2.697548101566416337e-06,1.000460175937783580e+00,0.000000000000000000e+00
2.698515884835670951e-06,1.000460176018925784e+00,0.000000000000000000e+00
2.699483668104925565e-06,1.000460176096440224e+00,0.000000000000000000e+00
2.700451451374180180e-06,1.000460176165663961e+00,0.000000000000000000e+00
2.701419234643434794e-06,1.000460176221933395e+00,0.000000000000000000e+00
2.702387017912689408e-06,1.000460176260584921e+00,0.000000000000000000e+00
2.703354801181944023e-06,1.000460176276956048e+00,0.000000000000000000e+00
2.704322584451198637e-06,1.000460176266383172e+00,0.000000000000000000e+00
2.705290367720453251e-06,1.000460176224202913e+00,0.000000000000000000e+00
2.706258150989707866e-06,1.000460176145751889e+00,0.000000000000000000e+00
2.707225934258962480e-06,1.000460176026367165e+00,0.000000000000000000e+00
2.708193717528217094e-06,1.000460175861385581e+00,0.000000000000000000e+00
2.709161500797471709e-06,1.000460175646300298e+00,0.000000000000000000e+00
2.710129284066726323e-06,1.000460175384930706e+00,0.000000000000000000e+00
2.711097067335980937e-06,1.000460175093421888e+00,0.000000000000000000e+00
2.712064850605235552e-06,1.000460174788913692e+00,0.000000000000000000e+00
2.713032633874490166e-06,1.000460174488545961e+00,0.000000000000000000e+00
2.714000417143744780e-06,1.000460174209458764e+00,0.000000000000000000e+00
2.714968200412999395e-06,1.000460173968792388e+00,0.000000000000000000e+00
2.715935983682254009e-06,1.000460173783686457e+00,0.000000000000000000e+00
2.716903766951508624e-06,1.000460173671280817e+00,0.000000000000000000e+00
2.717871550220763238e-06,1.000460173648715534e+00,0.000000000000000000e+00
2.718839333490017852e-06,1.000460173733130675e+00,0.000000000000000000e+00
2.719807116759272467e-06,1.000460173941665865e+00,0.000000000000000000e+00
2.720774900028527081e-06,1.000460174291461390e+00,0.000000000000000000e+00
2.721742683297781695e-06,1.000460174799657320e+00,0.000000000000000000e+00
2.722710466567036310e-06,1.000460175483393277e+00,0.000000000000000000e+00
2.723678249836290924e-06,1.000460176355283837e+00,0.000000000000000000e+00
2.724646033105545538e-06,1.000460177380765758e+00,0.000000000000000000e+00
2.725613816374800153e-06,1.000460178497236008e+00,0.000000000000000000e+00
2.726581599644054767e-06,1.000460179641721181e+00,0.000000000000000000e+00
2.727549382913309381e-06,1.000460180751246986e+00,0.000000000000000000e+00
2.728517166182563996e-06,1.000460181762839573e+00,0.000000000000000000e+00
2.729484949451818610e-06,1.000460182613525095e+00,0.000000000000000000e+00
2.730452732721073224e-06,1.000460183240329926e+00,0.000000000000000000e+00
2.731420515990327839e-06,1.000460183580279772e+00,0.000000000000000000e+00
2.732388299259582453e-06,1.000460183570401229e+00,0.000000000000000000e+00
2.733356082528837067e-06,1.000460183147720006e+00,0.000000000000000000e+00
2.734323865798091682e-06,1.000460182249262475e+00,0.000000000000000000e+00
2.735291649067346296e-06,1.000460180812055011e+00,0.000000000000000000e+00
2.736259432336601334e-06,1.000460178773123099e+00,0.000000000000000000e+00
2.737227215605855948e-06,1.000460176069493556e+00,0.000000000000000000e+00
2.738194998875110563e-06,1.000460172672729353e+00,0.000000000000000000e+00
2.739162782144365177e-06,1.000460168747218770e+00,0.000000000000000000e+00
2.740130565413619791e-06,1.000460164524241913e+00,0.000000000000000000e+00
2.741098348682874406e-06,1.000460160235145501e+00,0.000000000000000000e+00
2.742066131952129020e-06,1.000460156111275367e+00,0.000000000000000000e+00
2.743033915221383634e-06,1.000460152383977785e+00,0.000000000000000000e+00
2.744001698490638249e-06,1.000460149284599032e+00,0.000000000000000000e+00
2.744969481759892863e-06,1.000460147044484938e+00,0.000000000000000000e+00
2.745937265029147477e-06,1.000460145894982444e+00,0.000000000000000000e+00
2.746905048298402092e-06,1.000460146067437162e+00,0.000000000000000000e+00
2.747872831567656706e-06,1.000460147793195587e+00,0.000000000000000000e+00
2.748840614836911320e-06,1.000460151303603773e+00,0.000000000000000000e+00
2.749808398106165935e-06,1.000460156830007996e+00,0.000000000000000000e+00
2.750776181375420549e-06,1.000460164603754309e+00,0.000000000000000000e+00
2.751743964644675163e-06,1.000460174856189211e+00,0.000000000000000000e+00
2.752711747913929778e-06,1.000460187675933588e+00,0.000000000000000000e+00
2.753679531183184392e-06,1.000460202436845636e+00,0.000000000000000000e+00
2.754647314452439007e-06,1.000460218289501269e+00,0.000000000000000000e+00
2.755615097721693621e-06,1.000460234384400904e+00,0.000000000000000000e+00
2.756582880990948235e-06,1.000460249872044738e+00,0.000000000000000000e+00
2.757550664260202850e-06,1.000460263902933633e+00,0.000000000000000000e+00
2.758518447529457464e-06,1.000460275627568230e+00,0.000000000000000000e+00
2.759486230798712078e-06,1.000460284196448058e+00,0.000000000000000000e+00
2.760454014067966693e-06,1.000460288760074423e+00,0.000000000000000000e+00
2.761421797337221307e-06,1.000460288468947523e+00,0.000000000000000000e+00
2.762389580606475921e-06,1.000460282473568219e+00,0.000000000000000000e+00
2.763357363875730536e-06,1.000460269924436263e+00,0.000000000000000000e+00
2.764325147144985150e-06,1.000460249972052518e+00,0.000000000000000000e+00
2.765292930414239764e-06,1.000460221766917623e+00,0.000000000000000000e+00
2.766260713683494379e-06,1.000460184459531776e+00,0.000000000000000000e+00
2.767228496952748993e-06,1.000460137383832437e+00,0.000000000000000000e+00
2.768196280222003607e-06,1.000460081239711307e+00,0.000000000000000000e+00
2.769164063491258222e-06,1.000460017343314245e+00,0.000000000000000000e+00
2.770131846760512836e-06,1.000459947013781603e+00,0.000000000000000000e+00
2.771099630029767450e-06,1.000459871570253068e+00,0.000000000000000000e+00
2.772067413299022065e-06,1.000459792331869213e+00,0.000000000000000000e+00
2.773035196568276679e-06,1.000459710617770392e+00,0.000000000000000000e+00
2.774002979837531293e-06,1.000459627747096514e+00,0.000000000000000000e+00
2.774970763106785908e-06,1.000459545038987930e+00,0.000000000000000000e+00
2.775938546376040522e-06,1.000459463812584771e+00,0.000000000000000000e+00
2.776906329645295136e-06,1.000459385387027167e+00,0.000000000000000000e+00
2.777874112914550174e-06,1.000459311081455249e+00,0.000000000000000000e+00
2.778841896183804789e-06,1.000459242215009814e+00,0.000000000000000000e+00
2.779809679453059403e-06,1.000459180106830326e+00,0.000000000000000000e+00
2.780777462722314017e-06,1.000459126076057581e+00,0.000000000000000000e+00
2.781745245991568632e-06,1.000459081393799021e+00,0.000000000000000000e+00
2.782713029260823246e-06,1.000459046288188603e+00,0.000000000000000000e+00
2.783680812530077860e-06,1.000459019977591568e+00,0.000000000000000000e+00
2.784648595799332475e-06,1.000459001638982715e+00,0.000000000000000000e+00
2.785616379068587089e-06,1.000458990449337504e+00,0.000000000000000000e+00
2.786584162337841703e-06,1.000458985585630955e+00,0.000000000000000000e+00
2.787551945607096318e-06,1.000458986224838753e+00,0.000000000000000000e+00
2.788519728876350932e-06,1.000458991543935694e+00,0.000000000000000000e+00
2.789487512145605547e-06,1.000459000719897462e+00,0.000000000000000000e+00
2.790455295414860161e-06,1.000459012929699076e+00,0.000000000000000000e+00
2.791423078684114775e-06,1.000459027350316221e+00,0.000000000000000000e+00
2.792390861953369390e-06,1.000459043158723693e+00,0.000000000000000000e+00
2.793358645222624004e-06,1.000459059531896733e+00,0.000000000000000000e+00
2.794326428491878618e-06,1.000459075646811247e+00,0.000000000000000000e+00
2.795294211761133233e-06,1.000459090680441809e+00,0.000000000000000000e+00
2.796261995030387847e-06,1.000459103809807182e+00,0.000000000000000000e+00
2.797229778299642461e-06,1.000459114419838702e+00,0.000000000000000000e+00
2.798197561568897076e-06,1.000459122584837823e+00,0.000000000000000000e+00
2.799165344838151690e-06,1.000459128521792529e+00,0.000000000000000000e+00
2.800133128107406304e-06,1.000459132447691246e+00,0.000000000000000000e+00
2.801100911376660919e-06,1.000459134579521736e+00,0.000000000000000000e+00
2.802068694645915533e-06,1.000459135134272870e+00,0.000000000000000000e+00
2.803036477915170147e-06,1.000459134328932409e+00,0.000000000000000000e+00
2.804004261184424762e-06,1.000459132380488780e+00,0.000000000000000000e+00
2.804972044453679376e-06,1.000459129505929967e+00,0.000000000000000000e+00
2.805939827722933990e-06,1.000459125922244397e+00,0.000000000000000000e+00
2.806907610992188605e-06,1.000459121846420274e+00,0.000000000000000000e+00
2.807875394261443219e-06,1.000459117495445360e+00,0.000000000000000000e+00
2.808843177530697833e-06,1.000459113086308971e+00,0.000000000000000000e+00
2.809810960799952448e-06,1.000459108835998201e+00,0.000000000000000000e+00
2.810778744069207062e-06,1.000459104961501922e+00,0.000000000000000000e+00
2.811746527338461676e-06,1.000459101675748919e+00,0.000000000000000000e+00
2.812714310607716291e-06,1.000459099069691993e+00,0.000000000000000000e+00
2.813682093876970905e-06,1.000459097093907790e+00,0.000000000000000000e+00
2.814649877146225520e-06,1.000459095691211386e+00,0.000000000000000000e+00
2.815617660415480134e-06,1.000459094804416305e+00,0.000000000000000000e+00
2.816585443684734748e-06,1.000459094376337399e+00,0.000000000000000000e+00
2.817553226953989363e-06,1.000459094349790190e+00,0.000000000000000000e+00
2.818521010223243977e-06,1.000459094667587978e+00,0.000000000000000000e+00
2.819488793492498591e-06,1.000459095272546284e+00,0.000000000000000000e+00
2.820456576761753629e-06,1.000459096107478851e+00,0.000000000000000000e+00
2.821424360031008243e-06,1.000459097115200979e+00,0.000000000000000000e+00
2.822392143300262858e-06,1.000459098238527078e+00,0.000000000000000000e+00
2.823359926569517472e-06,1.000459099420271558e+00,0.000000000000000000e+00
2.824327709838772086e-06,1.000459100603249052e+00,0.000000000000000000e+00
2.825295493108026701e-06,1.000459101730274192e+00,0.000000000000000000e+00
2.826263276377281315e-06,1.000459102744161610e+00,0.000000000000000000e+00
2.827231059646535930e-06,1.000459103591117449e+00,0.000000000000000000e+00
2.828198842915790544e-06,1.000459104258424547e+00,0.000000000000000000e+00
2.829166626185045158e-06,1.000459104760670570e+00,0.000000000000000000e+00
2.830134409454299773e-06,1.000459105112935898e+00,0.000000000000000000e+00
2.831102192723554387e-06,1.000459105330300247e+00,0.000000000000000000e+00
2.832069975992809001e-06,1.000459105427844664e+00,0.000000000000000000e+00
2.833037759262063616e-06,1.000459105420648864e+00,0.000000000000000000e+00
2.834005542531318230e-06,1.000459105323793230e+00,0.000000000000000000e+00
2.834973325800572844e-06,1.000459105152357697e+00,0.000000000000000000e+00
2.835941109069827459e-06,1.000459104921422870e+00,0.000000000000000000e+00
2.836908892339082073e-06,1.000459104646069131e+00,0.000000000000000000e+00
2.837876675608336687e-06,1.000459104341376193e+00,0.000000000000000000e+00
2.838844458877591302e-06,1.000459104022424883e+00,0.000000000000000000e+00
2.839812242146845916e-06,1.000459103704294916e+00,0.000000000000000000e+00
2.840780025416100530e-06,1.000459103402066896e+00,0.000000000000000000e+00
2.841747808685355145e-06,1.000459103130820759e+00,0.000000000000000000e+00
2.842715591954609759e-06,1.000459102904563746e+00,0.000000000000000000e+00
2.843683375223864373e-06,1.000459102726087623e+00,0.000000000000000000e+00
2.844651158493118988e-06,1.000459102591506610e+00,0.000000000000000000e+00
2.845618941762373602e-06,1.000459102496845443e+00,0.000000000000000000e+00
2.846586725031628216e-06,1.000459102438129744e+00,0.000000000000000000e+00
2.847554508300882831e-06,1.000459102411384249e+00,0.000000000000000000e+00
2.848522291570137445e-06,1.000459102412635026e+00,0.000000000000000000e+00
2.849490074839392059e-06,1.000459102437906145e+00,0.000000000000000000e+00
2.850457858108646674e-06,1.000459102483223450e+00,0.000000000000000000e+00
2.851425641377901288e-06,1.000459102544612122e+00,0.000000000000000000e+00
2.852393424647155903e-06,1.000459102618097118e+00,0.000000000000000000e+00
2.853361207916410517e-06,1.000459102699703617e+00,0.000000000000000000e+00
2.854328991185665131e-06,1.000459102785456800e+00,0.000000000000000000e+00
2.855296774454919746e-06,1.000459102871382289e+00,0.000000000000000000e+00
2.856264557724174360e-06,1.000459102953505042e+00,0.000000000000000000e+00
2.857232340993428974e-06,1.000459103027850016e+00,0.000000000000000000e+00
2.858200124262683589e-06,1.000459103090591162e+00,0.000000000000000000e+00
2.859167907531938203e-06,1.000459103140499240e+00,0.000000000000000000e+00
2.860135690801192817e-06,1.000459103178551246e+00,0.000000000000000000e+00
2.861103474070447432e-06,1.000459103205794342e+00,0.000000000000000000e+00
2.862071257339702046e-06,1.000459103223275692e+00,0.000000000000000000e+00
2.863039040608957084e-06,1.000459103232042457e+00,0.000000000000000000e+00
2.864006823878211698e-06,1.000459103233142022e+00,0.000000000000000000e+00
2.864974607147466313e-06,1.000459103227621771e+00,0.000000000000000000e+00
2.865942390416720927e-06,1.000459103216528867e+00,0.000000000000000000e+00
2.866910173685975541e-06,1.000459103200910249e+00,0.000000000000000000e+00
2.867877956955230156e-06,1.000459103181813969e+00,0.000000000000000000e+00
2.868845740224484770e-06,1.000459103160286078e+00,0.000000000000000000e+00
2.869813523493739384e-06,1.000459103137374850e+00,0.000000000000000000e+00
2.870781306762993999e-06,1.000459103114127002e+00,0.000000000000000000e+00
2.871749090032248613e-06,1.000459103091590141e+00,0.000000000000000000e+00
2.872716873301503227e-06,1.000459103070810984e+00,0.000000000000000000e+00
2.873684656570757842e-06,1.000459103052834031e+00,0.000000000000000000e+00
2.874652439840012456e-06,1.000459103038290332e+00,0.000000000000000000e+00
2.875620223109267070e-06,1.000459103026998253e+00,0.000000000000000000e+00
2.876588006378521685e-06,1.000459103018682239e+00,0.000000000000000000e+00
2.877555789647776299e-06,1.000459103013066064e+00,0.000000000000000000e+00
2.878523572917030913e-06,1.000459103009873507e+00,0.000000000000000000e+00
2.879491356186285528e-06,1.000459103008828121e+00,0.000000000000000000e+00
2.880459139455540142e-06,1.000459103009654571e+00,0.000000000000000000e+00
2.881426922724794756e-06,1.000459103012076190e+00,0.000000000000000000e+00
2.882394705994049371e-06,1.000459103015817197e+00,0.000000000000000000e+00
2.883362489263303985e-06,1.000459103020601370e+00,0.000000000000000000e+00
2.884330272532558599e-06,1.000459103026152707e+00,0.000000000000000000e+00
2.885298055801813214e-06,1.000459103032194985e+00,0.000000000000000000e+00
2.886265839071067828e-06,1.000459103038451980e+00,0.000000000000000000e+00
2.887233622340322442e-06,1.000459103044647913e+00,0.000000000000000000e+00
2.888201405609577057e-06,1.000459103050506560e+00,0.000000000000000000e+00
2.889169188878831671e-06,1.000459103055751697e+00,0.000000000000000000e+00
2.890136972148086286e-06,1.000459103060132193e+00,0.000000000000000000e+00
2.891104755417340900e-06,1.000459103063610078e+00,0.000000000000000000e+00
2.892072538686595514e-06,1.000459103066257516e+00,0.000000000000000000e+00
2.893040321955850129e-06,1.000459103068146671e+00,0.000000000000000000e+00
2.894008105225104743e-06,1.000459103069350819e+00,0.000000000000000000e+00
2.894975888494359357e-06,1.000459103069942346e+00,0.000000000000000000e+00
2.895943671763613972e-06,1.000459103069994304e+00,0.000000000000000000e+00
2.896911455032868586e-06,1.000459103069579303e+00,0.000000000000000000e+00
2.897879238302123200e-06,1.000459103068770395e+00,0.000000000000000000e+00
2.898847021571377815e-06,1.000459103067639743e+00,0.000000000000000000e+00
2.899814804840632429e-06,1.000459103066260624e+00,0.000000000000000000e+00
2.900782588109887043e-06,1.000459103064705868e+00,0.000000000000000000e+00
2.901750371379141658e-06,1.000459103063047195e+00,0.000000000000000000e+00
2.902718154648396272e-06,1.000459103061358768e+00,0.000000000000000000e+00
2.903685937917650886e-06,1.000459103059712307e+00,0.000000000000000000e+00
2.904653721186905924e-06,1.000459103058181309e+00,0.000000000000000000e+00
2.905621504456160539e-06,1.000459103056837940e+00,0.000000000000000000e+00
2.906589287725415153e-06,1.000459103055736376e+00,0.000000000000000000e+00
2.907557070994669767e-06,1.000459103054869514e+00,0.000000000000000000e+00
2.908524854263924382e-06,1.000459103054218257e+00,0.000000000000000000e+00
2.909492637533178996e-06,1.000459103053763288e+00,0.000000000000000000e+00
2.910460420802433610e-06,1.000459103053485510e+00,0.000000000000000000e+00
2.911428204071688225e-06,1.000459103053365828e+00,0.000000000000000000e+00
2.912395987340942839e-06,1.000459103053384924e+00,0.000000000000000000e+00
2.913363770610197453e-06,1.000459103053523702e+00,0.000000000000000000e+00
2.914331553879452068e-06,1.000459103053763066e+00,0.000000000000000000e+00
2.915299337148706682e-06,1.000459103054083698e+00,0.000000000000000000e+00
2.916267120417961296e-06,1.000459103054466947e+00,0.000000000000000000e+00
2.917234903687215911e-06,1.000459103054892607e+00,0.000000000000000000e+00
2.918202686956470525e-06,1.000459103055342469e+00,0.000000000000000000e+00
2.919170470225725139e-06,1.000459103055796994e+00,0.000000000000000000e+00
2.920138253494979754e-06,1.000459103056237087e+00,0.000000000000000000e+00
2.921106036764234368e-06,1.000459103056643206e+00,0.000000000000000000e+00
2.922073820033488982e-06,1.000459103056996701e+00,0.000000000000000000e+00
2.923041603302743597e-06,1.000459103057285581e+00,0.000000000000000000e+00
2.924009386571998211e-06,1.000459103057511845e+00,0.000000000000000000e+00
2.924977169841252826e-06,1.000459103057681709e+00,0.000000000000000000e+00
2.925944953110507440e-06,1.000459103057799615e+00,0.000000000000000000e+00
2.926912736379762054e-06,1.000459103057870891e+00,0.000000000000000000e+00
2.927880519649016669e-06,1.000459103057900645e+00,0.000000000000000000e+00
2.928848302918271283e-06,1.000459103057893318e+00,0.000000000000000000e+00
2.929816086187525897e-06,1.000459103057854460e+00,0.000000000000000000e+00
2.930783869456780512e-06,1.000459103057789179e+00,0.000000000000000000e+00
2.931751652726035126e-06,1.000459103057702359e+00,0.000000000000000000e+00
2.932719435995289740e-06,1.000459103057598886e+00,0.000000000000000000e+00
2.933687219264544355e-06,1.000459103057483867e+00,0.000000000000000000e+00
2.934655002533798969e-06,1.000459103057362853e+00,0.000000000000000000e+00
2.935622785803053583e-06,1.000459103057240284e+00,0.000000000000000000e+00
2.936590569072308198e-06,1.000459103057121713e+00,0.000000000000000000e+00
2.937558352341562812e-06,1.000459103057011800e+00,0.000000000000000000e+00
2.938526135610817426e-06,1.000459103056915433e+00,0.000000000000000000e+00
2.939493918880072041e-06,1.000459103056836385e+00,0.000000000000000000e+00
2.940461702149326655e-06,1.000459103056774213e+00,0.000000000000000000e+00
2.941429485418581269e-06,1.000459103056727139e+00,0.000000000000000000e+00
2.942397268687835884e-06,1.000459103056694055e+00,0.000000000000000000e+00
2.943365051957090498e-06,1.000459103056673404e+00,0.000000000000000000e+00
2.944332835226345112e-06,1.000459103056664079e+00,0.000000000000000000e+00
2.945300618495599727e-06,1.000459103056664967e+00,0.000000000000000000e+00
2.946268401764854341e-06,1.000459103056674293e+00,0.000000000000000000e+00
2.947236185034109379e-06,1.000459103056690724e+00,0.000000000000000000e+00
2.948203968303363993e-06,1.000459103056713372e+00,0.000000000000000000e+00
2.949171751572618608e-06,1.000459103056740684e+00,0.000000000000000000e+00
2.950139534841873222e-06,1.000459103056770882e+00,0.000000000000000000e+00
2.951107318111127836e-06,1.000459103056803523e+00,0.000000000000000000e+00
2.952075101380382451e-06,1.000459103056836163e+00,0.000000000000000000e+00
2.953042884649637065e-06,1.000459103056868582e+00,0.000000000000000000e+00
2.954010667918891679e-06,1.000459103056899224e+00,0.000000000000000000e+00
2.954978451188146294e-06,1.000459103056926091e+00,0.000000000000000000e+00
2.955946234457400908e-06,1.000459103056948296e+00,0.000000000000000000e+00
2.956914017726655522e-06,1.000459103056966503e+00,0.000000000000000000e+00
2.957881800995910137e-06,1.000459103056980270e+00,0.000000000000000000e+00
2.958849584265164751e-06,1.000459103056990262e+00,0.000000000000000000e+00
2.959817367534419365e-06,1.000459103056996701e+00,0.000000000000000000e+00
2.960785150803673980e-06,1.000459103057000032e+00,0.000000000000000000e+00
2.961752934072928594e-06,1.000459103057000698e+00,0.000000000000000000e+00
2.962720717342183209e-06,1.000459103056999144e+00,0.000000000000000000e+00
2.963688500611437823e-06,1.000459103056994925e+00,0.000000000000000000e+00
2.964656283880692437e-06,1.000459103056989596e+00,0.000000000000000000e+00
2.965624067149947052e-06,1.000459103056982713e+00,0.000000000000000000e+00
2.966591850419201666e-06,1.000459103056974719e+00,0.000000000000000000e+00
2.967559633688456280e-06,1.000459103056966059e+00,0.000000000000000000e+00
2.968527416957710895e-06,1.000459103056957177e+00,0.000000000000000000e+00
2.969495200226965509e-06,1.000459103056948518e+00,0.000000000000000000e+00
2.970462983496220123e-06,1.000459103056940080e+00,0.000000000000000000e+00
2.971430766765474738e-06,1.000459103056932308e+00,0.000000000000000000e+00
2.972398550034729352e-06,1.000459103056925869e+00,0.000000000000000000e+00
2.973366333303983966e-06,1.000459103056920318e+00,0.000000000000000000e+00
2.974334116573238581e-06,1.000459103056916099e+00,0.000000000000000000e+00
2.975301899842493195e-06,1.000459103056912769e+00,0.000000000000000000e+00
2.976269683111747809e-06,1.000459103056910770e+00,0.000000000000000000e+00
2.977237466381002424e-06,1.000459103056909438e+00,0.000000000000000000e+00
2.978205249650257038e-06,1.000459103056908772e+00,0.000000000000000000e+00
2.979173032919511652e-06,1.000459103056908994e+00,0.000000000000000000e+00
2.980140816188766267e-06,1.000459103056909660e+00,0.000000000000000000e+00
2.981108599458020881e-06,1.000459103056911214e+00,0.000000000000000000e+00
2.982076382727275495e-06,1.000459103056912546e+00,0.000000000000000000e+00
2.983044165996530110e-06,1.000459103056914767e+00,0.000000000000000000e+00
2.984011949265784724e-06,1.000459103056916765e+00,0.000000000000000000e+00
2.984979732535039338e-06,1.000459103056919208e+00,0.000000000000000000e+00
2.985947515804293953e-06,1.000459103056921650e+00,0.000000000000000000e+00
2.986915299073548567e-06,1.000459103056923871e+00,0.000000000000000000e+00
2.987883082342803182e-06,1.000459103056926313e+00,0.000000000000000000e+00
2.988850865612058219e-06,1.000459103056928312e+00,0.000000000000000000e+00
2.989818648881312834e-06,1.000459103056929866e+00,0.000000000000000000e+00
2.990786432150567448e-06,1.000459103056930976e+00,0.000000000000000000e+00
2.991754215419822062e-06,1.000459103056932086e+00,0.000000000000000000e+00
2.992721998689076677e-06,1.000459103056932975e+00,0.000000000000000000e+00
2.993689781958331291e-06,1.000459103056933419e+00,0.000000000000000000e+00
2.994657565227585905e-06,1.000459103056933863e+00,0.000000000000000000e+00
2.995625348496840520e-06,1.000459103056933863e+00,0.000000000000000000e+00
2.996593131766095134e-06,1.000459103056933863e+00,0.000000000000000000e+00
2.997560915035349749e-06,1.000459103056933419e+00,0.000000000000000000e+00
2.998528698304604363e-06,1.000459103056933197e+00,0.000000000000000000e+00
2.999496481573858977e-06,1.000459103056932753e+00,0.000000000000000000e+00
3.000464264843113592e-06,1.000459103056932308e+00,0.000000000000000000e+00
3.001432048112368206e-06,1.000459103056931642e+00,0.000000000000000000e+00
3.002399831381622820e-06,1.000459103056930976e+00,0.000000000000000000e+00
3.003367614650877435e-06,1.000459103056930310e+00,0.000000000000000000e+00
3.004335397920132049e-06,1.000459103056929644e+00,0.000000000000000000e+00
3.005303181189386663e-06,1.000459103056929200e+00,0.000000000000000000e+00
3.006270964458641278e-06,1.000459103056928534e+00,0.000000000000000000e+00
3.007238747727895892e-06,1.000459103056928090e+00,0.000000000000000000e+00
3.008206530997150506e-06,1.000459103056927868e+00,0.000000000000000000e+00
3.009174314266405121e-06,1.000459103056927646e+00,0.000000000000000000e+00
3.010142097535659735e-06,1.000459103056927423e+00,0.000000000000000000e+00
3.011109880804914349e-06,1.000459103056926979e+00,0.000000000000000000e+00
3.012077664074168964e-06,1.000459103056926979e+00,0.000000000000000000e+00
3.013045447343423578e-06,1.000459103056926979e+00,0.000000000000000000e+00
3.014013230612678192e-06,1.000459103056927201e+00,0.000000000000000000e+00
3.014981013881932807e-06,1.000459103056927201e+00,0.000000000000000000e+00
3.015948797151187421e-06,1.000459103056927201e+00,0.000000000000000000e+00
3.016916580420442035e-06,1.000459103056927646e+00,0.000000000000000000e+00
3.017884363689696650e-06,1.000459103056927423e+00,0.000000000000000000e+00
3.018852146958951264e-06,1.000459103056927646e+00,0.000000000000000000e+00
3.019819930228205878e-06,1.000459103056927868e+00,0.000000000000000000e+00
3.020787713497460493e-06,1.000459103056928090e+00,0.000000000000000000e+00
3.021755496766715107e-06,1.000459103056928312e+00,0.000000000000000000e+00
3.022723280035969722e-06,1.000459103056928534e+00,0.000000000000000000e+00
3.023691063305224336e-06,1.000459103056928312e+00,0.000000000000000000e+00
3.024658846574478950e-06,1.000459103056928756e+00,0.000000000000000000e+00
3.025626629843733565e-06,1.000459103056928756e+00,0.000000000000000000e+00
3.026594413112988179e-06,1.000459103056928978e+00,0.000000000000000000e+00
3.027562196382242793e-06,1.000459103056928756e+00,0.000000000000000000e+00
3.028529979651497408e-06,1.000459103056928978e+00,0.000000000000000000e+00
3.029497762920752022e-06,1.000459103056928756e+00,0.000000000000000000e+00
3.030465546190006636e-06,1.000459103056928756e+00,0.000000000000000000e+00
3.031433329459261674e-06,1.000459103056929200e+00,0.000000000000000000e+00
3.032401112728516288e-06,1.000459103056928978e+00,0.000000000000000000e+00
3.033368895997770903e-06,1.000459103056928978e+00,0.000000000000000000e+00
3.034336679267025517e-06,1.000459103056928978e+00,0.000000000000000000e+00
3.035304462536280132e-06,1.000459103056928756e+00,0.000000000000000000e+00
3.036272245805534746e-06,1.000459103056928756e+00,0.000000000000000000e+00
3.037240029074789360e-06,1.000459103056928534e+00,0.000000000000000000e+00
3.038207812344043975e-06,1.000459103056928756e+00,0.000000000000000000e+00
3.039175595613298589e-06,1.000459103056928534e+00,0.000000000000000000e+00
3.040143378882553203e-06,1.000459103056928534e+00,0.000000000000000000e+00
3.041111162151807818e-06,1.000459103056928312e+00,0.000000000000000000e+00
3.042078945421062432e-06,1.000459103056928534e+00,0.000000000000000000e+00
3.043046728690317046e-06,1.000459103056928534e+00,0.000000000000000000e+00
3.044014511959571661e-06,1.000459103056928534e+00,0.000000000000000000e+00
3.044982295228826275e-06,1.000459103056928312e+00,0.000000000000000000e+00
3.045950078498080889e-06,1.000459103056928312e+00,0.000000000000000000e+00
3.046917861767335504e-06,1.000459103056928312e+00,0.000000000000000000e+00
3.047885645036590118e-06,1.000459103056928534e+00,0.000000000000000000e+00
3.048853428305844732e-06,1.000459103056928534e+00,0.000000000000000000e+00
3.049821211575099347e-06,1.000459103056928534e+00,0.000000000000000000e+00
3.050788994844353961e-06,1.000459103056928534e+00,0.000000000000000000e+00
3.051756778113608575e-06,1.000459103056928534e+00,0.000000000000000000e+00
3.052724561382863190e-06,1.000459103056928312e+00,0.000000000000000000e+00
3.053692344652117804e-06,1.000459103056928312e+00,0.000000000000000000e+00
3.054660127921372418e-06,1.000459103056928534e+00,0.000000000000000000e+00
3.055627911190627033e-06,1.000459103056928534e+00,0.000000000000000000e+00
3.056595694459881647e-06,1.000459103056928756e+00,0.000000000000000000e+00
3.057563477729136261e-06,1.000459103056928312e+00,0.000000000000000000e+00
3.058531260998390876e-06,1.000459103056928534e+00,0.000000000000000000e+00
3.059499044267645490e-06,1.000459103056928534e+00,0.000000000000000000e+00
3.060466827536900105e-06,1.000459103056928534e+00,0.000000000000000000e+00
3.061434610806154719e-06,1.000459103056928534e+00,0.000000000000000000e+00
3.062402394075409333e-06,1.000459103056928534e+00,0.000000000000000000e+00
3.063370177344663948e-06,1.000459103056928534e+00,0.000000000000000000e+00
3.064337960613918562e-06,1.000459103056928534e+00,0.000000000000000000e+00
3.065305743883173176e-06,1.000459103056928534e+00,0.000000000000000000e+00
3.066273527152427791e-06,1.000459103056928534e+00,0.000000000000000000e+00
3.067241310421682405e-06,1.000459103056928534e+00,0.000000000000000000e+00
3.068209093690937019e-06,1.000459103056928534e+00,0.000000000000000000e+00
3.069176876960191634e-06,1.000459103056928534e+00,0.000000000000000000e+00
3.070144660229446248e-06,1.000459103056928534e+00,0.000000000000000000e+00
3.071112443498700862e-06,1.000459103056928534e+00,0.000000000000000000e+00
3.072080226767955477e-06,1.000459103056928534e+00,0.000000000000000000e+00
3.073048010037210091e-06,1.000459103056928534e+00,0.000000000000000000e+00
3.074015793306465129e-06,1.000459103056928534e+00,0.000000000000000000e+00
3.074983576575719743e-06,1.000459103056928534e+00,0.000000000000000000e+00
3.075951359844974358e-06,1.000459103056928534e+00,0.000000000000000000e+00
3.076919143114228972e-06,1.000459103056928756e+00,0.000000000000000000e+00
3.077886926383483586e-06,1.000459103056928534e+00,0.000000000000000000e+00
3.078854709652738201e-06,1.000459103056928534e+00,0.000000000000000000e+00
3.079822492921992815e-06,1.000459103056928534e+00,0.000000000000000000e+00
3.080790276191247429e-06,1.000459103056928534e+00,0.000000000000000000e+00
3.081758059460502044e-06,1.000459103056928534e+00,0.000000000000000000e+00
3.082725842729756658e-06,1.000459103056928534e+00,0.000000000000000000e+00
3.083693625999011272e-06,1.000459103056928534e+00,0.000000000000000000e+00
3.084661409268265887e-06,1.000459103056928534e+00,0.000000000000000000e+00
3.085629192537520501e-06,1.000459103056928534e+00,0.000000000000000000e+00
3.086596975806775115e-06,1.000459103056928534e+00,0.000000000000000000e+00
3.087564759076029730e-06,1.000459103056928534e+00,0.000000000000000000e+00
3.088532542345284344e-06,1.000459103056928534e+00,0.000000000000000000e+00
3.089500325614538958e-06,1.000459103056928534e+00,0.000000000000000000e+00
3.090468108883793573e-06,1.000459103056928534e+00,0.000000000000000000e+00
3.091435892153048187e-06,1.000459103056928534e+00,0.000000000000000000e+00
3.092403675422302801e-06,1.000459103056928534e+00,0.000000000000000000e+00
3.093371458691557416e-06,1.000459103056928534e+00,0.000000000000000000e+00
3.094339241960812030e-06,1.000459103056928534e+00,0.000000000000000000e+00
3.095307025230066644e-06,1.000459103056928534e+00,0.000000000000000000e+00
3.096274808499321259e-06,1.000459103056928534e+00,0.000000000000000000e+00
3.097242591768575873e-06,1.000459103056928534e+00,0.000000000000000000e+00
3.098210375037830488e-06,1.000459103056928534e+00,0.000000000000000000e+00
3.099178158307085102e-06,1.000459103056928534e+00,0.000000000000000000e+00
3.100145941576339716e-06,1.000459103056928534e+00,0.000000000000000000e+00
3.101113724845594331e-06,1.000459103056928534e+00,0.000000000000000000e+00
3.102081508114848945e-06,1.000459103056928534e+00,0.000000000000000000e+00
3.103049291384103559e-06,1.000459103056928534e+00,0.000000000000000000e+00
3.104017074653358174e-06,1.000459103056928534e+00,0.000000000000000000e+00
3.104984857922612788e-06,1.000459103056928534e+00,0.000000000000000000e+00
3.105952641191867402e-06,1.000459103056928534e+00,0.000000000000000000e+00
3.106920424461122017e-06,1.000459103056928534e+00,0.000000000000000000e+00
3.107888207730376631e-06,1.000459103056928534e+00,0.000000000000000000e+00
3.108855990999631245e-06,1.000459103056928534e+00,0.000000000000000000e+00
3.109823774268885860e-06,1.000459103056928534e+00,0.000000000000000000e+00
3.110791557538140474e-06,1.000459103056928534e+00,0.000000000000000000e+00
3.111759340807395088e-06,1.000459103056928534e+00,0.000000000000000000e+00
3.112727124076649703e-06,1.000459103056928534e+00,0.000000000000000000e+00
3.113694907345904317e-06,1.000459103056928534e+00,0.000000000000000000e+00
3.114662690615158931e-06,1.000459103056928534e+00,0.000000000000000000e+00
3.115630473884413969e-06,1.000459103056928534e+00,0.000000000000000000e+00
3.116598257153668584e-06,1.000459103056928534e+00,0.000000000000000000e+00
3.117566040422923198e-06,1.000459103056928534e+00,0.000000000000000000e+00
3.118533823692177812e-06,1.000459103056928534e+00,0.000000000000000000e+00
3.119501606961432427e-06,1.000459103056928534e+00,0.000000000000000000e+00
3.120469390230687041e-06,1.000459103056928534e+00,0.000000000000000000e+00
3.121437173499941655e-06,1.000459103056928534e+00,0.000000000000000000e+00
3.122404956769196270e-06,1.000459103056928534e+00,0.000000000000000000e+00
3.123372740038450884e-06,1.000459103056928534e+00,0.000000000000000000e+00
3.124340523307705498e-06,1.000459103056928534e+00,0.000000000000000000e+00
3.125308306576960113e-06,1.000459103056928534e+00,0.000000000000000000e+00
3.126276089846214727e-06,1.000459103056928534e+00,0.000000000000000000e+00
3.127243873115469341e-06,1.000459103056928534e+00,0.000000000000000000e+00
3.128211656384723956e-06,1.000459103056928534e+00,0.000000000000000000e+00
3.129179439653978570e-06,1.000459103056928534e+00,0.000000000000000000e+00
3.130147222923233184e-06,1.000459103056928534e+00,0.000000000000000000e+00
3.131115006192487799e-06,1.000459103056928534e+00,0.000000000000000000e+00
3.132082789461742413e-06,1.000459103056928534e+00,0.000000000000000000e+00
3.133050572730997028e-06,1.000459103056928534e+00,0.000000000000000000e+00
3.134018356000251642e-06,1.000459103056928534e+00,0.000000000000000000e+00
3.134986139269506256e-06,1.000459103056928534e+00,0.000000000000000000e+00
3.135953922538760871e-06,1.000459103056928534e+00,0.000000000000000000e+00
3.136921705808015485e-06,1.000459103056928534e+00,0.000000000000000000e+00
3.137889489077270099e-06,1.000459103056928534e+00,0.000000000000000000e+00
3.138857272346524714e-06,1.000459103056928534e+00,0.000000000000000000e+00
3.139825055615779328e-06,1.000459103056928534e+00,0.000000000000000000e+00
3.140792838885033942e-06,1.000459103056928534e+00,0.000000000000000000e+00
3.141760622154288557e-06,1.000459103056928534e+00,0.000000000000000000e+00
3.142728405423543171e-06,1.000459103056928534e+00,0.000000000000000000e+00
3.143696188692797785e-06,1.000459103056928534e+00,0.000000000000000000e+00
3.144663971962052400e-06,1.000459103056928534e+00,0.000000000000000000e+00
3.145631755231307014e-06,1.000459103056928534e+00,0.000000000000000000e+00
3.146599538500561628e-06,1.000459103056928534e+00,0.000000000000000000e+00
3.147567321769816243e-06,1.000459103056928534e+00,0.000000000000000000e+00
3.148535105039070857e-06,1.000459103056928534e+00,0.000000000000000000e+00
3.149502888308325471e-06,1.000459103056928534e+00,0.000000000000000000e+00
3.150470671577580086e-06,1.000459103056928534e+00,0.000000000000000000e+00
3.151438454846834700e-06,1.000459103056928534e+00,0.000000000000000000e+00
3.152406238116089314e-06,1.000459103056928534e+00,0.000000000000000000e+00
3.153374021385343929e-06,1.000459103056928534e+00,0.000000000000000000e+00
3.154341804654598543e-06,1.000459103056928534e+00,0.000000000000000000e+00
3.155309587923853157e-06,1.000459103056928534e+00,0.000000000000000000e+00
3.156277371193107772e-06,1.000459103056928534e+00,0.000000000000000000e+00
3.157245154462362386e-06,1.000459103056928534e+00,0.000000000000000000e+00
3.158212937731617424e-06,1.000459103056928534e+00,0.000000000000000000e+00
3.159180721000872038e-06,1.000459103056928534e+00,0.000000000000000000e+00
3.160148504270126653e-06,1.000459103056928534e+00,0.000000000000000000e+00
3.161116287539381267e-06,1.000459103056928534e+00,0.000000000000000000e+00
3.162084070808635881e-06,1.000459103056928534e+00,0.000000000000000000e+00
3.163051854077890496e-06,1.000459103056928534e+00,0.000000000000000000e+00
3.164019637347145110e-06,1.000459103056928534e+00,0.000000000000000000e+00
3.164987420616399724e-06,1.000459103056928534e+00,0.000000000000000000e+00
3.165955203885654339e-06,1.000459103056928534e+00,0.000000000000000000e+00
3.166922987154908953e-06,1.000459103056928534e+00,0.000000000000000000e+00
3.167890770424163567e-06,1.000459103056928534e+00,0.000000000000000000e+00
3.168858553693418182e-06,1.000459103056928534e+00,0.000000000000000000e+00
3.169826336962672796e-06,1.000459103056928534e+00,0.000000000000000000e+00
3.170794120231927411e-06,1.000459103056928534e+00,0.000000000000000000e+00
3.171761903501182025e-06,1.000459103056928534e+00,0.000000000000000000e+00
3.172729686770436639e-06,1.000459103056928534e+00,0.000000000000000000e+00
3.173697470039691254e-06,1.000459103056928534e+00,0.000000000000000000e+00
3.174665253308945868e-06,1.000459103056928534e+00,0.000000000000000000e+00
3.175633036578200482e-06,1.000459103056928534e+00,0.000000000000000000e+00
3.176600819847455097e-06,1.000459103056928534e+00,0.000000000000000000e+00
3.177568603116709711e-06,1.000459103056928534e+00,0.000000000000000000e+00
3.178536386385964325e-06,1.000459103056928534e+00,0.000000000000000000e+00
3.179504169655218940e-06,1.000459103056928534e+00,0.000000000000000000e+00
3.180471952924473554e-06,1.000459103056928534e+00,0.000000000000000000e+00
3.181439736193728168e-06,1.000459103056928534e+00,0.000000000000000000e+00
3.182407519462982783e-06,1.000459103056928534e+00,0.000000000000000000e+00
3.183375302732237397e-06,1.000459103056928534e+00,0.000000000000000000e+00
3.184343086001492011e-06,1.000459103056928534e+00,0.000000000000000000e+00
3.185310869270746626e-06,1.000459103056928534e+00,0.000000000000000000e+00
3.186278652540001240e-06,1.000459103056928534e+00,0.000000000000000000e+00
3.187246435809255854e-06,1.000459103056928534e+00,0.000000000000000000e+00
3.188214219078510469e-06,1.000459103056928534e+00,0.000000000000000000e+00
3.189182002347765083e-06,1.000459103056928534e+00,0.000000000000000000e+00
3.190149785617019697e-06,1.000459103056928534e+00,0.000000000000000000e+00
3.191117568886274312e-06,1.000459103056928534e+00,0.000000000000000000e+00
3.192085352155528926e-06,1.000459103056928534e+00,0.000000000000000000e+00
3.193053135424783540e-06,1.000459103056928534e+00,0.000000000000000000e+00
3.194020918694038155e-06,1.000459103056928534e+00,0.000000000000000000e+00
3.194988701963292769e-06,1.000459103056928534e+00,0.000000000000000000e+00
3.195956485232547384e-06,1.000459103056928534e+00,0.000000000000000000e+00
3.196924268501801998e-06,1.000459103056928534e+00,0.000000000000000000e+00
3.197892051771056612e-06,1.000459103056928534e+00,0.000000000000000000e+00
3.198859835040311227e-06,1.000459103056928534e+00,0.000000000000000000e+00
3.199827618309566264e-06,1.000459103056928534e+00,0.000000000000000000e+00
3.200795401578820879e-06,1.000459103056928534e+00,0.000000000000000000e+00
3.201763184848075493e-06,1.000459103056928534e+00,0.000000000000000000e+00
3.202730968117330107e-06,1.000459103056928534e+00,0.000000000000000000e+00
3.203698751386584722e-06,1.000459103056928534e+00,0.000000000000000000e+00
3.204666534655839336e-06,1.000459103056928534e+00,0.000000000000000000e+00
3.205634317925093951e-06,1.000459103056928534e+00,0.000000000000000000e+00
3.206602101194348565e-06,1.000459103056928534e+00,0.000000000000000000e+00
3.207569884463603179e-06,1.000459103056928534e+00,0.000000000000000000e+00
3.208537667732857794e-06,1.000459103056928534e+00,0.000000000000000000e+00
3.209505451002112408e-06,1.000459103056928534e+00,0.000000000000000000e+00
3.210473234271367022e-06,1.000459103056928534e+00,0.000000000000000000e+00
3.211441017540621637e-06,1.000459103056928534e+00,0.000000000000000000e+00
3.212408800809876251e-06,1.000459103056928534e+00,0.000000000000000000e+00
3.213376584079130865e-06,1.000459103056928534e+00,0.000000000000000000e+00
3.214344367348385480e-06,1.000459103056928534e+00,0.000000000000000000e+00
3.215312150617640094e-06,1.000459103056928534e+00,0.000000000000000000e+00
3.216279933886894708e-06,1.000459103056928534e+00,0.000000000000000000e+00
3.217247717156149323e-06,1.000459103056928534e+00,0.000000000000000000e+00
3.218215500425403937e-06,1.000459103056928534e+00,0.000000000000000000e+00
3.219183283694658551e-06,1.000459103056928534e+00,0.000000000000000000e+00
3.220151066963913166e-06,1.000459103056928534e+00,0.000000000000000000e+00
3.221118850233167780e-06,1.000459103056928534e+00,0.000000000000000000e+00
3.222086633502422394e-06,1.000459103056928534e+00,0.000000000000000000e+00
3.223054416771677009e-06,1.000459103056928534e+00,0.000000000000000000e+00
3.224022200040931623e-06,1.000459103056928534e+00,0.000000000000000000e+00
3.224989983310186237e-06,1.000459103056928534e+00,0.000000000000000000e+00
3.225957766579440852e-06,1.000459103056928534e+00,0.000000000000000000e+00
3.226925549848695466e-06,1.000459103056928534e+00,0.000000000000000000e+00
3.227893333117950080e-06,1.000459103056928534e+00,0.000000000000000000e+00
3.228861116387204695e-06,1.000459103056928534e+00,0.000000000000000000e+00
3.229828899656459309e-06,1.000459103056928534e+00,0.000000000000000000e+00
3.230796682925713924e-06,1.000459103056928534e+00,0.000000000000000000e+00
3.231764466194968538e-06,1.000459103056928534e+00,0.000000000000000000e+00
3.232732249464223152e-06,1.000459103056928534e+00,0.000000000000000000e+00
3.233700032733477767e-06,1.000459103056928534e+00,0.000000000000000000e+00
3.234667816002732381e-06,1.000459103056928534e+00,0.000000000000000000e+00
3.235635599271986995e-06,1.000459103056928534e+00,0.000000000000000000e+00
3.236603382541241610e-06,1.000459103056928534e+00,0.000000000000000000e+00
3.237571165810496224e-06,1.000459103056928534e+00,0.000000000000000000e+00
3.238538949079750838e-06,1.000459103056928534e+00,0.000000000000000000e+00
3.239506732349005453e-06,1.000459103056928534e+00,0.000000000000000000e+00
3.240474515618260067e-06,1.000459103056928534e+00,0.000000000000000000e+00
3.241442298887514681e-06,1.000459103056928534e+00,0.000000000000000000e+00
3.242410082156769719e-06,1.000459103056928534e+00,0.000000000000000000e+00
3.243377865426024334e-06,1.000459103056928534e+00,0.000000000000000000e+00
3.244345648695278948e-06,1.000459103056928534e+00,0.000000000000000000e+00
3.245313431964533562e-06,1.000459103056928534e+00,0.000000000000000000e+00
3.246281215233788177e-06,1.000459103056928534e+00,0.000000000000000000e+00
3.247248998503042791e-06,1.000459103056928534e+00,0.000000000000000000e+00
3.248216781772297405e-06,1.000459103056928534e+00,0.000000000000000000e+00
3.249184565041552020e-06,1.000459103056928534e+00,0.000000000000000000e+00
3.250152348310806634e-06,1.000459103056928534e+00,0.000000000000000000e+00
3.251120131580061248e-06,1.000459103056928534e+00,0.000000000000000000e+00
3.252087914849315863e-06,1.000459103056928534e+00,0.000000000000000000e+00
3.253055698118570477e-06,1.000459103056928534e+00,0.000000000000000000e+00
3.254023481387825091e-06,1.000459103056928534e+00,0.000000000000000000e+00
3.254991264657079706e-06,1.000459103056928534e+00,0.000000000000000000e+00
3.255959047926334320e-06,1.000459103056928534e+00,0.000000000000000000e+00
3.256926831195588934e-06,1.000459103056928534e+00,0.000000000000000000e+00
3.257894614464843549e-06,1.000459103056928534e+00,0.000000000000000000e+00
3.258862397734098163e-06,1.000459103056928534e+00,0.000000000000000000e+00
3.259830181003352777e-06,1.000459103056928534e+00,0.000000000000000000e+00
3.260797964272607392e-06,1.000459103056928534e+00,0.000000000000000000e+00
3.261765747541862006e-06,1.000459103056928534e+00,0.000000000000000000e+00
3.262733530811116620e-06,1.000459103056928534e+00,0.000000000000000000e+00
3.263701314080371235e-06,1.000459103056928534e+00,0.000000000000000000e+00
3.264669097349625849e-06,1.000459103056928534e+00,0.000000000000000000e+00
3.265636880618880463e-06,1.000459103056928534e+00,0.000000000000000000e+00
3.266604663888135078e-06,1.000459103056928534e+00,0.000000000000000000e+00
3.267572447157389692e-06,1.000459103056928534e+00,0.000000000000000000e+00
3.268540230426644307e-06,1.000459103056928534e+00,0.000000000000000000e+00
3.269508013695898921e-06,1.000459103056928534e+00,0.000000000000000000e+00
3.270475796965153535e-06,1.000459103056928534e+00,0.000000000000000000e+00
3.271443580234408150e-06,1.000459103056928534e+00,0.000000000000000000e+00
3.272411363503662764e-06,1.000459103056928534e+00,0.000000000000000000e+00
3.273379146772917378e-06,1.000459103056928534e+00,0.000000000000000000e+00
3.274346930042171993e-06,1.000459103056928534e+00,0.000000000000000000e+00
3.275314713311426607e-06,1.000459103056928534e+00,0.000000000000000000e+00
3.276282496580681221e-06,1.000459103056928534e+00,0.000000000000000000e+00
3.277250279849935836e-06,1.000459103056928534e+00,0.000000000000000000e+00
3.278218063119190450e-06,1.000459103056928534e+00,0.000000000000000000e+00
3.279185846388445064e-06,1.000459103056928534e+00,0.000000000000000000e+00
3.280153629657699679e-06,1.000459103056928534e+00,0.000000000000000000e+00
3.281121412926954293e-06,1.000459103056928534e+00,0.000000000000000000e+00
3.282089196196208907e-06,1.000459103056928534e+00,0.000000000000000000e+00
3.283056979465463522e-06,1.000459103056928534e+00,0.000000000000000000e+00
3.284024762734718560e-06,1.000459103056928534e+00,0.000000000000000000e+00
3.284992546003973174e-06,1.000459103056928534e+00,0.000000000000000000e+00
3.285960329273227788e-06,1.000459103056928534e+00,0.000000000000000000e+00
3.286928112542482403e-06,1.000459103056928534e+00,0.000000000000000000e+00
3.287895895811737017e-06,1.000459103056928534e+00,0.000000000000000000e+00
3.288863679080991631e-06,1.000459103056928534e+00,0.000000000000000000e+00
3.289831462350246246e-06,1.000459103056928534e+00,0.000000000000000000e+00
3.290799245619500860e-06,1.000459103056928534e+00,0.000000000000000000e+00
3.291767028888755474e-06,1.000459103056928534e+00,0.000000000000000000e+00
3.292734812158010089e-06,1.000459103056928534e+00,0.000000000000000000e+00
3.293702595427264703e-06,1.000459103056928534e+00,0.000000000000000000e+00
3.294670378696519317e-06,1.000459103056928534e+00,0.000000000000000000e+00
3.295638161965773932e-06,1.000459103056928534e+00,0.000000000000000000e+00
3.296605945235028546e-06,1.000459103056928534e+00,0.000000000000000000e+00
3.297573728504283160e-06,1.000459103056928534e+00,0.000000000000000000e+00
3.298541511773537775e-06,1.000459103056928534e+00,0.000000000000000000e+00
3.299509295042792389e-06,1.000459103056928534e+00,0.000000000000000000e+00
3.300477078312047003e-06,1.000459103056928534e+00,0.000000000000000000e+00
3.301444861581301618e-06,1.000459103056928534e+00,0.000000000000000000e+00
3.302412644850556232e-06,1.000459103056928534e+00,0.000000000000000000e+00
3.303380428119810846e-06,1.000459103056928534e+00,0.000000000000000000e+00
3.304348211389065461e-06,1.000459103056928534e+00,0.000000000000000000e+00
3.305315994658320075e-06,1.000459103056928534e+00,0.000000000000000000e+00
3.306283777927574690e-06,1.000459103056928534e+00,0.000000000000000000e+00
3.307251561196829304e-06,1.000459103056928534e+00,0.000000000000000000e+00
3.308219344466083918e-06,1.000459103056928534e+00,0.000000000000000000e+00
3.309187127735338533e-06,1.000459103056928534e+00,0.000000000000000000e+00
3.310154911004593147e-06,1.000459103056928534e+00,0.000000000000000000e+00
3.311122694273847761e-06,1.000459103056928534e+00,0.000000000000000000e+00
3.312090477543102376e-06,1.000459103056928534e+00,0.000000000000000000e+00
3.313058260812356990e-06,1.000459103056928534e+00,0.000000000000000000e+00
3.314026044081611604e-06,1.000459103056928534e+00,0.000000000000000000e+00
3.314993827350866219e-06,1.000459103056928534e+00,0.000000000000000000e+00
3.315961610620120833e-06,1.000459103056928534e+00,0.000000000000000000e+00
3.316929393889375447e-06,1.000459103056928534e+00,0.000000000000000000e+00
3.317897177158630062e-06,1.000459103056928534e+00,0.000000000000000000e+00
3.318864960427884676e-06,1.000459103056928534e+00,0.000000000000000000e+00
3.319832743697139290e-06,1.000459103056928534e+00,0.000000000000000000e+00
3.320800526966393905e-06,1.000459103056928534e+00,0.000000000000000000e+00
3.321768310235648519e-06,1.000459103056928534e+00,0.000000000000000000e+00
3.322736093504903133e-06,1.000459103056928534e+00,0.000000000000000000e+00
3.323703876774157748e-06,1.000459103056928534e+00,0.000000000000000000e+00
3.324671660043412362e-06,1.000459103056928534e+00,0.000000000000000000e+00
3.325639443312666976e-06,1.000459103056928534e+00,0.000000000000000000e+00
3.326607226581922014e-06,1.000459103056928534e+00,0.000000000000000000e+00
3.327575009851176629e-06,1.000459103056928534e+00,0.000000000000000000e+00
3.328542793120431243e-06,1.000459103056928534e+00,0.000000000000000000e+00
3.329510576389685857e-06,1.000459103056928534e+00,0.000000000000000000e+00
3.330478359658940472e-06,1.000459103056928534e+00,0.000000000000000000e+00
3.331446142928195086e-06,1.000459103056928534e+00,0.000000000000000000e+00
3.332413926197449700e-06,1.000459103056928534e+00,0.000000000000000000e+00
3.333381709466704315e-06,1.000459103056928534e+00,0.000000000000000000e+00
3.334349492735958929e-06,1.000459103056928534e+00,0.000000000000000000e+00
3.335317276005213543e-06,1.000459103056928534e+00,0.000000000000000000e+00
3.336285059274468158e-06,1.000459103056928534e+00,0.000000000000000000e+00
3.337252842543722772e-06,1.000459103056928534e+00,0.000000000000000000e+00
3.338220625812977386e-06,1.000459103056928534e+00,0.000000000000000000e+00
3.339188409082232001e-06,1.000459103056928534e+00,0.000000000000000000e+00
3.340156192351486615e-06,1.000459103056928534e+00,0.000000000000000000e+00
3.341123975620741230e-06,1.000459103056928534e+00,0.000000000000000000e+00
3.342091758889995844e-06,1.000459103056928534e+00,0.000000000000000000e+00
3.343059542159250458e-06,1.000459103056928534e+00,0.000000000000000000e+00
3.344027325428505073e-06,1.000459103056928534e+00,0.000000000000000000e+00
3.344995108697759687e-06,1.000459103056928534e+00,0.000000000000000000e+00
3.345962891967014301e-06,1.000459103056928534e+00,0.000000000000000000e+00
3.346930675236268916e-06,1.000459103056928534e+00,0.000000000000000000e+00
3.347898458505523530e-06,1.000459103056928534e+00,0.000000000000000000e+00
3.348866241774778144e-06,1.000459103056928534e+00,0.000000000000000000e+00
3.349834025044032759e-06,1.000459103056928534e+00,0.000000000000000000e+00
3.350801808313287373e-06,1.000459103056928534e+00,0.000000000000000000e+00
3.351769591582541987e-06,1.000459103056928534e+00,0.000000000000000000e+00
3.352737374851796602e-06,1.000459103056928534e+00,0.000000000000000000e+00
3.353705158121051216e-06,1.000459103056928534e+00,0.000000000000000000e+00
3.354672941390305830e-06,1.000459103056928534e+00,0.000000000000000000e+00
3.355640724659560445e-06,1.000459103056928534e+00,0.000000000000000000e+00
3.356608507928815059e-06,1.000459103056928534e+00,0.000000000000000000e+00
3.357576291198069673e-06,1.000459103056928534e+00,0.000000000000000000e+00
3.358544074467324288e-06,1.000459103056928534e+00,0.000000000000000000e+00
3.359511857736578902e-06,1.000459103056928534e+00,0.000000000000000000e+00
3.360479641005833516e-06,1.000459103056928534e+00,0.000000000000000000e+00
3.361447424275088131e-06,1.000459103056928534e+00,0.000000000000000000e+00
3.362415207544342745e-06,1.000459103056928534e+00,0.000000000000000000e+00
3.363382990813597359e-06,1.000459103056928534e+00,0.000000000000000000e+00
3.364350774082851974e-06,1.000459103056928534e+00,0.000000000000000000e+00
3.365318557352106588e-06,1.000459103056928534e+00,0.000000000000000000e+00
3.366286340621361203e-06,1.000459103056928534e+00,0.000000000000000000e+00
3.367254123890615817e-06,1.000459103056928534e+00,0.000000000000000000e+00
3.368221907159870431e-06,1.000459103056928534e+00,0.000000000000000000e+00
3.369189690429125469e-06,1.000459103056928534e+00,0.000000000000000000e+00
3.370157473698380083e-06,1.000459103056928534e+00,0.000000000000000000e+00
3.371125256967634698e-06,1.000459103056928534e+00,0.000000000000000000e+00
3.372093040236889312e-06,1.000459103056928534e+00,0.000000000000000000e+00
3.373060823506143926e-06,1.000459103056928534e+00,0.000000000000000000e+00
3.374028606775398541e-06,1.000459103056928534e+00,0.000000000000000000e+00
3.374996390044653155e-06,1.000459103056928534e+00,0.000000000000000000e+00
3.375964173313907769e-06,1.000459103056928534e+00,0.000000000000000000e+00
3.376931956583162384e-06,1.000459103056928534e+00,0.000000000000000000e+00
3.377899739852416998e-06,1.000459103056928534e+00,0.000000000000000000e+00
3.378867523121671613e-06,1.000459103056928534e+00,0.000000000000000000e+00
3.379835306390926227e-06,1.000459103056928534e+00,0.000000000000000000e+00
3.380803089660180841e-06,1.000459103056928534e+00,0.000000000000000000e+00
3.381770872929435456e-06,1.000459103056928534e+00,0.000000000000000000e+00
3.382738656198690070e-06,1.000459103056928534e+00,0.000000000000000000e+00
3.383706439467944684e-06,1.000459103056928534e+00,0.000000000000000000e+00
3.384674222737199299e-06,1.000459103056928534e+00,0.000000000000000000e+00
3.385642006006453913e-06,1.000459103056928534e+00,0.000000000000000000e+00
3.386609789275708527e-06,1.000459103056928534e+00,0.000000000000000000e+00
3.387577572544963142e-06,1.000459103056928534e+00,0.000000000000000000e+00
3.388545355814217756e-06,1.000459103056928534e+00,0.000000000000000000e+00
3.389513139083472370e-06,1.000459103056928534e+00,0.000000000000000000e+00
3.390480922352726985e-06,1.000459103056928534e+00,0.000000000000000000e+00
3.391448705621981599e-06,1.000459103056928534e+00,0.000000000000000000e+00
3.392416488891236213e-06,1.000459103056928534e+00,0.000000000000000000e+00
3.393384272160490828e-06,1.000459103056928534e+00,0.000000000000000000e+00
3.394352055429745442e-06,1.000459103056928534e+00,0.000000000000000000e+00
3.395319838699000056e-06,1.000459103056928534e+00,0.000000000000000000e+00
3.396287621968254671e-06,1.000459103056928534e+00,0.000000000000000000e+00
3.397255405237509285e-06,1.000459103056928534e+00,0.000000000000000000e+00
3.398223188506763899e-06,1.000459103056928534e+00,0.000000000000000000e+00
3.399190971776018514e-06,1.000459103056928534e+00,0.000000000000000000e+00
3.400158755045273128e-06,1.000459103056928534e+00,0.000000000000000000e+00
3.401126538314527742e-06,1.000459103056928534e+00,0.000000000000000000e+00
3.402094321583782357e-06,1.000459103056928534e+00,0.000000000000000000e+00
3.403062104853036971e-06,1.000459103056928534e+00,0.000000000000000000e+00
3.404029888122291586e-06,1.000459103056928534e+00,0.000000000000000000e+00
3.404997671391546200e-06,1.000459103056928534e+00,0.000000000000000000e+00
3.405965454660800814e-06,1.000459103056928534e+00,0.000000000000000000e+00
3.406933237930055429e-06,1.000459103056928534e+00,0.000000000000000000e+00
3.407901021199310043e-06,1.000459103056928534e+00,0.000000000000000000e+00
3.408868804468564657e-06,1.000459103056928534e+00,0.000000000000000000e+00
3.409836587737819272e-06,1.000459103056928534e+00,0.000000000000000000e+00
3.410804371007074309e-06,1.000459103056928534e+00,0.000000000000000000e+00
3.411772154276328924e-06,1.000459103056928534e+00,0.000000000000000000e+00
3.412739937545583538e-06,1.000459103056928534e+00,0.000000000000000000e+00
3.413707720814838153e-06,1.000459103056928534e+00,0.000000000000000000e+00
3.414675504084092767e-06,1.000459103056928534e+00,0.000000000000000000e+00
3.415643287353347381e-06,1.000459103056928534e+00,0.000000000000000000e+00
3.416611070622601996e-06,1.000459103056928534e+00,0.000000000000000000e+00
3.417578853891856610e-06,1.000459103056928534e+00,0.000000000000000000e+00
3.418546637161111224e-06,1.000459103056928534e+00,0.000000000000000000e+00
3.419514420430365839e-06,1.000459103056928534e+00,0.000000000000000000e+00
3.420482203699620453e-06,1.000459103056928534e+00,0.000000000000000000e+00
3.421449986968875067e-06,1.000459103056928534e+00,0.000000000000000000e+00
3.422417770238129682e-06,1.000459103056928534e+00,0.000000000000000000e+00
3.423385553507384296e-06,1.000459103056928534e+00,0.000000000000000000e+00
3.424353336776638910e-06,1.000459103056928534e+00,0.000000000000000000e+00
3.425321120045893525e-06,1.000459103056928534e+00,0.000000000000000000e+00
3.426288903315148139e-06,1.000459103056928534e+00,0.000000000000000000e+00
3.427256686584402753e-06,1.000459103056928534e+00,0.000000000000000000e+00
3.428224469853657368e-06,1.000459103056928534e+00,0.000000000000000000e+00
3.429192253122911982e-06,1.000459103056928534e+00,0.000000000000000000e+00
3.430160036392166596e-06,1.000459103056928534e+00,0.000000000000000000e+00
3.431127819661421211e-06,1.000459103056928534e+00,0.000000000000000000e+00
3.432095602930675825e-06,1.000459103056928534e+00,0.000000000000000000e+00
3.433063386199930439e-06,1.000459103056928534e+00,0.000000000000000000e+00
3.434031169469185054e-06,1.000459103056928534e+00,0.000000000000000000e+00
3.434998952738439668e-06,1.000459103056928534e+00,0.000000000000000000e+00
3.435966736007694282e-06,1.000459103056928534e+00,0.000000000000000000e+00
3.436934519276948897e-06,1.000459103056928534e+00,0.000000000000000000e+00
3.437902302546203511e-06,1.000459103056928534e+00,0.000000000000000000e+00
3.438870085815458126e-06,1.000459103056928534e+00,0.000000000000000000e+00
3.439837869084712740e-06,1.000459103056928534e+00,0.000000000000000000e+00
3.440805652353967354e-06,1.000459103056928534e+00,0.000000000000000000e+00
3.441773435623221969e-06,1.000459103056928534e+00,0.000000000000000000e+00
3.442741218892476583e-06,1.000459103056928534e+00,0.000000000000000000e+00
3.443709002161731197e-06,1.000459103056928534e+00,0.000000000000000000e+00
3.444676785430985812e-06,1.000459103056928534e+00,0.000000000000000000e+00
3.445644568700240426e-06,1.000459103056928534e+00,0.000000000000000000e+00
3.446612351969495040e-06,1.000459103056928534e+00,0.000000000000000000e+00
3.447580135238749655e-06,1.000459103056928534e+00,0.000000000000000000e+00
3.448547918508004269e-06,1.000459103056928534e+00,0.000000000000000000e+00
3.449515701777258883e-06,1.000459103056928534e+00,0.000000000000000000e+00
3.450483485046513498e-06,1.000459103056928534e+00,0.000000000000000000e+00
3.451451268315768112e-06,1.000459103056928534e+00,0.000000000000000000e+00
3.452419051585022726e-06,1.000459103056928534e+00,0.000000000000000000e+00
3.453386834854277764e-06,1.000459103056928534e+00,0.000000000000000000e+00
3.454354618123532379e-06,1.000459103056928534e+00,0.000000000000000000e+00
3.455322401392786993e-06,1.000459103056928534e+00,0.000000000000000000e+00
3.456290184662041607e-06,1.000459103056928534e+00,0.000000000000000000e+00
3.457257967931296222e-06,1.000459103056928534e+00,0.000000000000000000e+00
3.458225751200550836e-06,1.000459103056928534e+00,0.000000000000000000e+00
3.459193534469805450e-06,1.000459103056928534e+00,0.000000000000000000e+00
3.460161317739060065e-06,1.000459103056928534e+00,0.000000000000000000e+00
3.461129101008314679e-06,1.000459103056928534e+00,0.000000000000000000e+00
3.462096884277569293e-06,1.000459103056928534e+00,0.000000000000000000e+00
3.463064667546823908e-06,1.000459103056928534e+00,0.000000000000000000e+00
3.464032450816078522e-06,1.000459103056928534e+00,0.000000000000000000e+00
3.465000234085333136e-06,1.000459103056928534e+00,0.000000000000000000e+00
3.465968017354587751e-06,1.000459103056928534e+00,0.000000000000000000e+00
3.466935800623842365e-06,1.000459103056928534e+00,0.000000000000000000e+00
3.467903583893096979e-06,1.000459103056928534e+00,0.000000000000000000e+00
3.468871367162351594e-06,1.000459103056928534e+00,0.000000000000000000e+00
3.469839150431606208e-06,1.000459103056928534e+00,0.000000000000000000e+00
3.470806933700860822e-06,1.000459103056928534e+00,0.000000000000000000e+00
3.471774716970115437e-06,1.000459103056928534e+00,0.000000000000000000e+00
3.472742500239370051e-06,1.000459103056928534e+00,0.000000000000000000e+00
3.473710283508624665e-06,1.000459103056928534e+00,0.000000000000000000e+00
3.474678066777879280e-06,1.000459103056928534e+00,0.000000000000000000e+00
3.475645850047133894e-06,1.000459103056928534e+00,0.000000000000000000e+00
3.476613633316388509e-06,1.000459103056928534e+00,0.000000000000000000e+00
3.477581416585643123e-06,1.000459103056928534e+00,0.000000000000000000e+00
3.478549199854897737e-06,1.000459103056928534e+00,0.000000000000000000e+00
3.479516983124152352e-06,1.000459103056928534e+00,0.000000000000000000e+00
3.480484766393406966e-06,1.000459103056928534e+00,0.000000000000000000e+00
3.481452549662661580e-06,1.000459103056928534e+00,0.000000000000000000e+00
3.482420332931916195e-06,1.000459103056928534e+00,0.000000000000000000e+00
3.483388116201170809e-06,1.000459103056928534e+00,0.000000000000000000e+00
3.484355899470425423e-06,1.000459103056928534e+00,0.000000000000000000e+00
3.485323682739680038e-06,1.000459103056928534e+00,0.000000000000000000e+00
3.486291466008934652e-06,1.000459103056928534e+00,0.000000000000000000e+00
3.487259249278189266e-06,1.000459103056928534e+00,0.000000000000000000e+00
3.488227032547443881e-06,1.000459103056928534e+00,0.000000000000000000e+00
3.489194815816698495e-06,1.000459103056928534e+00,0.000000000000000000e+00
3.490162599085953109e-06,1.000459103056928534e+00,0.000000000000000000e+00
3.491130382355207724e-06,1.000459103056928534e+00,0.000000000000000000e+00
3.492098165624462338e-06,1.000459103056928534e+00,0.000000000000000000e+00
3.493065948893716952e-06,1.000459103056928534e+00,0.000000000000000000e+00
3.494033732162971567e-06,1.000459103056928534e+00,0.000000000000000000e+00
3.495001515432226605e-06,1.000459103056928534e+00,0.000000000000000000e+00
3.495969298701481219e-06,1.000459103056928534e+00,0.000000000000000000e+00
3.496937081970735833e-06,1.000459103056928534e+00,0.000000000000000000e+00
3.497904865239990448e-06,1.000459103056928534e+00,0.000000000000000000e+00
3.498872648509245062e-06,1.000459103056928534e+00,0.000000000000000000e+00
3.499840431778499676e-06,1.000459103056928534e+00,0.000000000000000000e+00
3.500808215047754291e-06,1.000459103056928534e+00,0.000000000000000000e+00
3.501775998317008905e-06,1.000459103056928534e+00,0.000000000000000000e+00
3.502743781586263519e-06,1.000459103056928534e+00,0.000000000000000000e+00
3.503711564855518134e-06,1.000459103056928534e+00,0.000000000000000000e+00
3.504679348124772748e-06,1.000459103056928534e+00,0.000000000000000000e+00
3.505647131394027362e-06,1.000459103056928534e+00,0.000000000000000000e+00
3.506614914663281977e-06,1.000459103056928534e+00,0.000000000000000000e+00
3.507582697932536591e-06,1.000459103056928534e+00,0.000000000000000000e+00
3.508550481201791205e-06,1.000459103056928534e+00,0.000000000000000000e+00
3.509518264471045820e-06,1.000459103056928534e+00,0.000000000000000000e+00
3.510486047740300434e-06,1.000459103056928534e+00,0.000000000000000000e+00
3.511453831009555048e-06,1.000459103056928534e+00,0.000000000000000000e+00
3.512421614278809663e-06,1.000459103056928534e+00,0.000000000000000000e+00
3.513389397548064277e-06,1.000459103056928534e+00,0.000000000000000000e+00
3.514357180817318892e-06,1.000459103056928534e+00,0.000000000000000000e+00
3.515324964086573506e-06,1.000459103056928534e+00,0.000000000000000000e+00
3.516292747355828120e-06,1.000459103056928534e+00,0.000000000000000000e+00
3.517260530625082735e-06,1.000459103056928534e+00,0.000000000000000000e+00
3.518228313894337349e-06,1.000459103056928534e+00,0.000000000000000000e+00
3.519196097163591963e-06,1.000459103056928534e+00,0.000000000000000000e+00
3.520163880432846578e-06,1.000459103056928534e+00,0.000000000000000000e+00
3.521131663702101192e-06,1.000459103056928534e+00,0.000000000000000000e+00
3.522099446971355806e-06,1.000459103056928534e+00,0.000000000000000000e+00
3.523067230240610421e-06,1.000459103056928534e+00,0.000000000000000000e+00
3.524035013509865035e-06,1.000459103056928534e+00,0.000000000000000000e+00
3.525002796779119649e-06,1.000459103056928534e+00,0.000000000000000000e+00
3.525970580048374264e-06,1.000459103056928534e+00,0.000000000000000000e+00
3.526938363317628878e-06,1.000459103056928534e+00,0.000000000000000000e+00
3.527906146586883492e-06,1.000459103056928534e+00,0.000000000000000000e+00
3.528873929856138107e-06,1.000459103056928534e+00,0.000000000000000000e+00
3.529841713125392721e-06,1.000459103056928534e+00,0.000000000000000000e+00
3.530809496394647335e-06,1.000459103056928534e+00,0.000000000000000000e+00
3.531777279663901950e-06,1.000459103056928534e+00,0.000000000000000000e+00
3.532745062933156564e-06,1.000459103056928534e+00,0.000000000000000000e+00
3.533712846202411178e-06,1.000459103056928534e+00,0.000000000000000000e+00
3.534680629471665793e-06,1.000459103056928534e+00,0.000000000000000000e+00
3.535648412740920407e-06,1.000459103056928534e+00,0.000000000000000000e+00
3.536616196010175021e-06,1.000459103056928534e+00,0.000000000000000000e+00
3.537583979279430059e-06,1.000459103056928534e+00,0.000000000000000000e+00
3.538551762548684674e-06,1.000459103056928534e+00,0.000000000000000000e+00
3.539519545817939288e-06,1.000459103056928534e+00,0.000000000000000000e+00
3.540487329087193902e-06,1.000459103056928534e+00,0.000000000000000000e+00
3.541455112356448517e-06,1.000459103056928534e+00,0.000000000000000000e+00
3.542422895625703131e-06,1.000459103056928534e+00,0.000000000000000000e+00
3.543390678894957745e-06,1.000459103056928534e+00,0.000000000000000000e+00
3.544358462164212360e-06,1.000459103056928534e+00,0.000000000000000000e+00
3.545326245433466974e-06,1.000459103056928534e+00,0.000000000000000000e+00
3.546294028702721588e-06,1.000459103056928534e+00,0.000000000000000000e+00
3.547261811971976203e-06,1.000459103056928534e+00,0.000000000000000000e+00
3.548229595241230817e-06,1.000459103056928534e+00,0.000000000000000000e+00
3.549197378510485432e-06,1.000459103056928534e+00,0.000000000000000000e+00
3.550165161779740046e-06,1.000459103056928534e+00,0.000000000000000000e+00
3.551132945048994660e-06,1.000459103056928534e+00,0.000000000000000000e+00
3.552100728318249275e-06,1.000459103056928534e+00,0.000000000000000000e+00
3.553068511587503889e-06,1.000459103056928534e+00,0.000000000000000000e+00
3.554036294856758503e-06,1.000459103056928534e+00,0.000000000000000000e+00
3.555004078126013118e-06,1.000459103056928534e+00,0.000000000000000000e+00
3.555971861395267732e-06,1.000459103056928534e+00,0.000000000000000000e+00
3.556939644664522346e-06,1.000459103056928534e+00,0.000000000000000000e+00
3.557907427933776961e-06,1.000459103056928534e+00,0.000000000000000000e+00
3.558875211203031575e-06,1.000459103056928534e+00,0.000000000000000000e+00
3.559842994472286189e-06,1.000459103056928534e+00,0.000000000000000000e+00
3.560810777741540804e-06,1.000459103056928534e+00,0.000000000000000000e+00
3.561778561010795418e-06,1.000459103056928534e+00,0.000000000000000000e+00
3.562746344280050032e-06,1.000459103056928534e+00,0.000000000000000000e+00
3.563714127549304647e-06,1.000459103056928534e+00,0.000000000000000000e+00
3.564681910818559261e-06,1.000459103056928534e+00,0.000000000000000000e+00
3.565649694087813875e-06,1.000459103056928534e+00,0.000000000000000000e+00
3.566617477357068490e-06,1.000459103056928534e+00,0.000000000000000000e+00
3.567585260626323104e-06,1.000459103056928534e+00,0.000000000000000000e+00
3.568553043895577718e-06,1.000459103056928534e+00,0.000000000000000000e+00
3.569520827164832333e-06,1.000459103056928534e+00,0.000000000000000000e+00
3.570488610434086947e-06,1.000459103056928534e+00,0.000000000000000000e+00
3.571456393703341561e-06,1.000459103056928534e+00,0.000000000000000000e+00
3.572424176972596176e-06,1.000459103056928534e+00,0.000000000000000000e+00
3.573391960241850790e-06,1.000459103056928534e+00,0.000000000000000000e+00
3.574359743511105405e-06,1.000459103056928534e+00,0.000000000000000000e+00
3.575327526780360019e-06,1.000459103056928534e+00,0.000000000000000000e+00
3.576295310049614633e-06,1.000459103056928534e+00,0.000000000000000000e+00
3.577263093318869248e-06,1.000459103056928534e+00,0.000000000000000000e+00
3.578230876588123862e-06,1.000459103056928534e+00,0.000000000000000000e+00
3.579198659857378900e-06,1.000459103056928534e+00,0.000000000000000000e+00
3.580166443126633514e-06,1.000459103056928534e+00,0.000000000000000000e+00
3.581134226395888128e-06,1.000459103056928534e+00,0.000000000000000000e+00
3.582102009665142743e-06,1.000459103056928534e+00,0.000000000000000000e+00
3.583069792934397357e-06,1.000459103056928534e+00,0.000000000000000000e+00
3.584037576203651971e-06,1.000459103056928534e+00,0.000000000000000000e+00
3.585005359472906586e-06,1.000459103056928534e+00,0.000000000000000000e+00
3.585973142742161200e-06,1.000459103056928534e+00,0.000000000000000000e+00
3.586940926011415815e-06,1.000459103056928534e+00,0.000000000000000000e+00
3.587908709280670429e-06,1.000459103056928534e+00,0.000000000000000000e+00
3.588876492549925043e-06,1.000459103056928534e+00,0.000000000000000000e+00
3.589844275819179658e-06,1.000459103056928534e+00,0.000000000000000000e+00
3.590812059088434272e-06,1.000459103056928534e+00,0.000000000000000000e+00
3.591779842357688886e-06,1.000459103056928534e+00,0.000000000000000000e+00
3.592747625626943501e-06,1.000459103056928534e+00,0.000000000000000000e+00
3.593715408896198115e-06,1.000459103056928534e+00,0.000000000000000000e+00
3.594683192165452729e-06,1.000459103056928534e+00,0.000000000000000000e+00
3.595650975434707344e-06,1.000459103056928534e+00,0.000000000000000000e+00
3.596618758703961958e-06,1.000459103056928534e+00,0.000000000000000000e+00
3.597586541973216572e-06,1.000459103056928534e+00,0.000000000000000000e+00
3.598554325242471187e-06,1.000459103056928534e+00,0.000000000000000000e+00
3.599522108511725801e-06,1.000459103056928534e+00,0.000000000000000000e+00
3.600489891780980415e-06,1.000459103056928534e+00,0.000000000000000000e+00
3.601457675050235030e-06,1.000459103056928534e+00,0.000000000000000000e+00
3.602425458319489644e-06,1.000459103056928534e+00,0.000000000000000000e+00
3.603393241588744258e-06,1.000459103056928534e+00,0.000000000000000000e+00
3.604361024857998873e-06,1.000459103056928534e+00,0.000000000000000000e+00
3.605328808127253487e-06,1.000459103056928534e+00,0.000000000000000000e+00
3.606296591396508101e-06,1.000459103056928534e+00,0.000000000000000000e+00
3.607264374665762716e-06,1.000459103056928534e+00,0.000000000000000000e+00
3.608232157935017330e-06,1.000459103056928534e+00,0.000000000000000000e+00
3.609199941204271944e-06,1.000459103056928534e+00,0.000000000000000000e+00
3.610167724473526559e-06,1.000459103056928534e+00,0.000000000000000000e+00
3.611135507742781173e-06,1.000459103056928534e+00,0.000000000000000000e+00
3.612103291012035788e-06,1.000459103056928534e+00,0.000000000000000000e+00
3.613071074281290402e-06,1.000459103056928534e+00,0.000000000000000000e+00
3.614038857550545016e-06,1.000459103056928534e+00,0.000000000000000000e+00
3.615006640819799631e-06,1.000459103056928534e+00,0.000000000000000000e+00
3.615974424089054245e-06,1.000459103056928534e+00,0.000000000000000000e+00
3.616942207358308859e-06,1.000459103056928534e+00,0.000000000000000000e+00
3.617909990627563474e-06,1.000459103056928534e+00,0.000000000000000000e+00
3.618877773896818088e-06,1.000459103056928534e+00,0.000000000000000000e+00
3.619845557166072702e-06,1.000459103056928534e+00,0.000000000000000000e+00
3.620813340435327317e-06,1.000459103056928534e+00,0.000000000000000000e+00
3.621781123704582355e-06,1.000459103056928534e+00,0.000000000000000000e+00
3.622748906973836969e-06,1.000459103056928534e+00,0.000000000000000000e+00
3.623716690243091583e-06,1.000459103056928534e+00,0.000000000000000000e+00
3.624684473512346198e-06,1.000459103056928534e+00,0.000000000000000000e+00
3.625652256781600812e-06,1.000459103056928534e+00,0.000000000000000000e+00
3.626620040050855426e-06,1.000459103056928534e+00,0.000000000000000000e+00
3.627587823320110041e-06,1.000459103056928534e+00,0.000000000000000000e+00
3.628555606589364655e-06,1.000459103056928534e+00,0.000000000000000000e+00
3.629523389858619269e-06,1.000459103056928534e+00,0.000000000000000000e+00
3.630491173127873884e-06,1.000459103056928534e+00,0.000000000000000000e+00
3.631458956397128498e-06,1.000459103056928534e+00,0.000000000000000000e+00
3.632426739666383112e-06,1.000459103056928534e+00,0.000000000000000000e+00
3.633394522935637727e-06,1.000459103056928534e+00,0.000000000000000000e+00
3.634362306204892341e-06,1.000459103056928534e+00,0.000000000000000000e+00
3.635330089474146955e-06,1.000459103056928534e+00,0.000000000000000000e+00
3.636297872743401570e-06,1.000459103056928534e+00,0.000000000000000000e+00
3.637265656012656184e-06,1.000459103056928534e+00,0.000000000000000000e+00
3.638233439281910798e-06,1.000459103056928534e+00,0.000000000000000000e+00
3.639201222551165413e-06,1.000459103056928534e+00,0.000000000000000000e+00
3.640169005820420027e-06,1.000459103056928534e+00,0.000000000000000000e+00
3.641136789089674641e-06,1.000459103056928534e+00,0.000000000000000000e+00
3.642104572358929256e-06,1.000459103056928534e+00,0.000000000000000000e+00
3.643072355628183870e-06,1.000459103056928534e+00,0.000000000000000000e+00
3.644040138897438484e-06,1.000459103056928534e+00,0.000000000000000000e+00
3.645007922166693099e-06,1.000459103056928534e+00,0.000000000000000000e+00
3.645975705435947713e-06,1.000459103056928534e+00,0.000000000000000000e+00
3.646943488705202328e-06,1.000459103056928534e+00,0.000000000000000000e+00
3.647911271974456942e-06,1.000459103056928534e+00,0.000000000000000000e+00
3.648879055243711556e-06,1.000459103056928534e+00,0.000000000000000000e+00
3.649846838512966171e-06,1.000459103056928534e+00,0.000000000000000000e+00
3.650814621782220785e-06,1.000459103056928534e+00,0.000000000000000000e+00
3.651782405051475399e-06,1.000459103056928534e+00,0.000000000000000000e+00
3.652750188320730014e-06,1.000459103056928534e+00,0.000000000000000000e+00
3.653717971589984628e-06,1.000459103056928534e+00,0.000000000000000000e+00
3.654685754859239242e-06,1.000459103056928534e+00,0.000000000000000000e+00
3.655653538128493857e-06,1.000459103056928534e+00,0.000000000000000000e+00
3.656621321397748471e-06,1.000459103056928534e+00,0.000000000000000000e+00
3.657589104667003085e-06,1.000459103056928534e+00,0.000000000000000000e+00
3.658556887936257700e-06,1.000459103056928534e+00,0.000000000000000000e+00
3.659524671205512314e-06,1.000459103056928534e+00,0.000000000000000000e+00
3.660492454474766928e-06,1.000459103056928534e+00,0.000000000000000000e+00
3.661460237744021543e-06,1.000459103056928534e+00,0.000000000000000000e+00
3.662428021013276157e-06,1.000459103056928534e+00,0.000000000000000000e+00
3.663395804282530771e-06,1.000459103056928534e+00,0.000000000000000000e+00
3.664363587551785809e-06,1.000459103056928534e+00,0.000000000000000000e+00
3.665331370821040424e-06,1.000459103056928534e+00,0.000000000000000000e+00
3.666299154090295038e-06,1.000459103056928534e+00,0.000000000000000000e+00
3.667266937359549652e-06,1.000459103056928534e+00,0.000000000000000000e+00
3.668234720628804267e-06,1.000459103056928534e+00,0.000000000000000000e+00
3.669202503898058881e-06,1.000459103056928534e+00,0.000000000000000000e+00
3.670170287167313495e-06,1.000459103056928534e+00,0.000000000000000000e+00
3.671138070436568110e-06,1.000459103056928534e+00,0.000000000000000000e+00
3.672105853705822724e-06,1.000459103056928534e+00,0.000000000000000000e+00
3.673073636975077338e-06,1.000459103056928534e+00,0.000000000000000000e+00
3.674041420244331953e-06,1.000459103056928534e+00,0.000000000000000000e+00
3.675009203513586567e-06,1.000459103056928534e+00,0.000000000000000000e+00
3.675976986782841181e-06,1.000459103056928534e+00,0.000000000000000000e+00
3.676944770052095796e-06,1.000459103056928534e+00,0.000000000000000000e+00
3.677912553321350410e-06,1.000459103056928534e+00,0.000000000000000000e+00
3.678880336590605024e-06,1.000459103056928534e+00,0.000000000000000000e+00
3.679848119859859639e-06,1.000459103056928534e+00,0.000000000000000000e+00
3.680815903129114253e-06,1.000459103056928534e+00,0.000000000000000000e+00
3.681783686398368867e-06,1.000459103056928534e+00,0.000000000000000000e+00
3.682751469667623482e-06,1.000459103056928534e+00,0.000000000000000000e+00
3.683719252936878096e-06,1.000459103056928534e+00,0.000000000000000000e+00
3.684687036206132711e-06,1.000459103056928534e+00,0.000000000000000000e+00
3.685654819475387325e-06,1.000459103056928534e+00,0.000000000000000000e+00
3.686622602744641939e-06,1.000459103056928534e+00,0.000000000000000000e+00
3.687590386013896554e-06,1.000459103056928534e+00,0.000000000000000000e+00
3.688558169283151168e-06,1.000459103056928534e+00,0.000000000000000000e+00
3.689525952552405782e-06,1.000459103056928534e+00,0.000000000000000000e+00
3.690493735821660397e-06,1.000459103056928534e+00,0.000000000000000000e+00
3.691461519090915011e-06,1.000459103056928534e+00,0.000000000000000000e+00
3.692429302360169625e-06,1.000459103056928534e+00,0.000000000000000000e+00
3.693397085629424240e-06,1.000459103056928534e+00,0.000000000000000000e+00
3.694364868898678854e-06,1.000459103056928534e+00,0.000000000000000000e+00
3.695332652167933468e-06,1.000459103056928534e+00,0.000000000000000000e+00
3.696300435437188083e-06,1.000459103056928534e+00,0.000000000000000000e+00
3.697268218706442697e-06,1.000459103056928534e+00,0.000000000000000000e+00
3.698236001975697311e-06,1.000459103056928534e+00,0.000000000000000000e+00
3.699203785244951926e-06,1.000459103056928534e+00,0.000000000000000000e+00
3.700171568514206540e-06,1.000459103056928534e+00,0.000000000000000000e+00
3.701139351783461154e-06,1.000459103056928534e+00,0.000000000000000000e+00
3.702107135052715769e-06,1.000459103056928534e+00,0.000000000000000000e+00
3.703074918321970383e-06,1.000459103056928534e+00,0.000000000000000000e+00
3.704042701591224997e-06,1.000459103056928534e+00,0.000000000000000000e+00
3.705010484860479612e-06,1.000459103056928534e+00,0.000000000000000000e+00
3.705978268129734650e-06,1.000459103056928534e+00,0.000000000000000000e+00
3.706946051398989264e-06,1.000459103056928534e+00,0.000000000000000000e+00
3.707913834668243878e-06,1.000459103056928534e+00,0.000000000000000000e+00
3.708881617937498493e-06,1.000459103056928534e+00,0.000000000000000000e+00
3.709849401206753107e-06,1.000459103056928534e+00,0.000000000000000000e+00
3.710817184476007721e-06,1.000459103056928534e+00,0.000000000000000000e+00
3.711784967745262336e-06,1.000459103056928534e+00,0.000000000000000000e+00
3.712752751014516950e-06,1.000459103056928534e+00,0.000000000000000000e+00
3.713720534283771564e-06,1.000459103056928534e+00,0.000000000000000000e+00
3.714688317553026179e-06,1.000459103056928534e+00,0.000000000000000000e+00
3.715656100822280793e-06,1.000459103056928534e+00,0.000000000000000000e+00
3.716623884091535407e-06,1.000459103056928534e+00,0.000000000000000000e+00
3.717591667360790022e-06,1.000459103056928534e+00,0.000000000000000000e+00
3.718559450630044636e-06,1.000459103056928534e+00,0.000000000000000000e+00
3.719527233899299250e-06,1.000459103056928534e+00,0.000000000000000000e+00
3.720495017168553865e-06,1.000459103056928534e+00,0.000000000000000000e+00
3.721462800437808479e-06,1.000459103056928534e+00,0.000000000000000000e+00
3.722430583707063094e-06,1.000459103056928534e+00,0.000000000000000000e+00
3.723398366976317708e-06,1.000459103056928534e+00,0.000000000000000000e+00
3.724366150245572322e-06,1.000459103056928534e+00,0.000000000000000000e+00
3.725333933514826937e-06,1.000459103056928534e+00,0.000000000000000000e+00
3.726301716784081551e-06,1.000459103056928534e+00,0.000000000000000000e+00
3.727269500053336165e-06,1.000459103056928534e+00,0.000000000000000000e+00
3.728237283322590780e-06,1.000459103056928534e+00,0.000000000000000000e+00
3.729205066591845394e-06,1.000459103056928534e+00,0.000000000000000000e+00
3.730172849861100008e-06,1.000459103056928534e+00,0.000000000000000000e+00
3.731140633130354623e-06,1.000459103056928534e+00,0.000000000000000000e+00
3.732108416399609237e-06,1.000459103056928534e+00,0.000000000000000000e+00
3.733076199668863851e-06,1.000459103056928534e+00,0.000000000000000000e+00
3.734043982938118466e-06,1.000459103056928534e+00,0.000000000000000000e+00
3.735011766207373080e-06,1.000459103056928534e+00,0.000000000000000000e+00
3.735979549476627694e-06,1.000459103056928534e+00,0.000000000000000000e+00
3.736947332745882309e-06,1.000459103056928534e+00,0.000000000000000000e+00
3.737915116015136923e-06,1.000459103056928534e+00,0.000000000000000000e+00
3.738882899284391537e-06,1.000459103056928534e+00,0.000000000000000000e+00
3.739850682553646152e-06,1.000459103056928534e+00,0.000000000000000000e+00
3.740818465822900766e-06,1.000459103056928534e+00,0.000000000000000000e+00
3.741786249092155380e-06,1.000459103056928534e+00,0.000000000000000000e+00
3.742754032361409995e-06,1.000459103056928534e+00,0.000000000000000000e+00
3.743721815630664609e-06,1.000459103056928534e+00,0.000000000000000000e+00
3.744689598899919223e-06,1.000459103056928534e+00,0.000000000000000000e+00
3.745657382169173838e-06,1.000459103056928534e+00,0.000000000000000000e+00
3.746625165438428452e-06,1.000459103056928534e+00,0.000000000000000000e+00
3.747592948707683067e-06,1.000459103056928534e+00,0.000000000000000000e+00
3.748560731976938104e-06,1.000459103056928534e+00,0.000000000000000000e+00
3.749528515246192719e-06,1.000459103056928534e+00,0.000000000000000000e+00
3.750496298515447333e-06,1.000459103056928534e+00,0.000000000000000000e+00
3.751464081784701947e-06,1.000459103056928534e+00,0.000000000000000000e+00
3.752431865053956562e-06,1.000459103056928534e+00,0.000000000000000000e+00
3.753399648323211176e-06,1.000459103056928534e+00,0.000000000000000000e+00
3.754367431592465790e-06,1.000459103056928534e+00,0.000000000000000000e+00
3.755335214861720405e-06,1.000459103056928534e+00,0.000000000000000000e+00
3.756302998130975019e-06,1.000459103056928534e+00,0.000000000000000000e+00
3.757270781400229634e-06,1.000459103056928534e+00,0.000000000000000000e+00
3.758238564669484248e-06,1.000459103056928534e+00,0.000000000000000000e+00
3.759206347938738862e-06,1.000459103056928534e+00,0.000000000000000000e+00
3.760174131207993477e-06,1.000459103056928534e+00,0.000000000000000000e+00
3.761141914477248091e-06,1.000459103056928534e+00,0.000000000000000000e+00
3.762109697746502705e-06,1.000459103056928534e+00,0.000000000000000000e+00
3.763077481015757320e-06,1.000459103056928534e+00,0.000000000000000000e+00
3.764045264285011934e-06,1.000459103056928534e+00,0.000000000000000000e+00
3.765013047554266548e-06,1.000459103056928534e+00,0.000000000000000000e+00
3.765980830823521163e-06,1.000459103056928534e+00,0.000000000000000000e+00
3.766948614092775777e-06,1.000459103056928534e+00,0.000000000000000000e+00
3.767916397362030391e-06,1.000459103056928534e+00,0.000000000000000000e+00
3.768884180631285006e-06,1.000459103056928534e+00,0.000000000000000000e+00
3.769851963900539620e-06,1.000459103056928534e+00,0.000000000000000000e+00
3.770819747169794234e-06,1.000459103056928534e+00,0.000000000000000000e+00
3.771787530439048849e-06,1.000459103056928534e+00,0.000000000000000000e+00
3.772755313708303463e-06,1.000459103056928534e+00,0.000000000000000000e+00
3.773723096977558077e-06,1.000459103056928534e+00,0.000000000000000000e+00
3.774690880246812692e-06,1.000459103056928534e+00,0.000000000000000000e+00
3.775658663516067306e-06,1.000459103056928534e+00,0.000000000000000000e+00
3.776626446785321920e-06,1.000459103056928534e+00,0.000000000000000000e+00
3.777594230054576535e-06,1.000459103056928534e+00,0.000000000000000000e+00
3.778562013323831149e-06,1.000459103056928534e+00,0.000000000000000000e+00
3.779529796593085763e-06,1.000459103056928534e+00,0.000000000000000000e+00
3.780497579862340378e-06,1.000459103056928534e+00,0.000000000000000000e+00
3.781465363131594992e-06,1.000459103056928534e+00,0.000000000000000000e+00
3.782433146400849607e-06,1.000459103056928534e+00,0.000000000000000000e+00
3.783400929670104221e-06,1.000459103056928534e+00,0.000000000000000000e+00
3.784368712939358835e-06,1.000459103056928534e+00,0.000000000000000000e+00
3.785336496208613450e-06,1.000459103056928534e+00,0.000000000000000000e+00
3.786304279477868064e-06,1.000459103056928534e+00,0.000000000000000000e+00
3.787272062747122678e-06,1.000459103056928534e+00,0.000000000000000000e+00
3.788239846016377293e-06,1.000459103056928534e+00,0.000000000000000000e+00
3.789207629285631907e-06,1.000459103056928534e+00,0.000000000000000000e+00
3.790175412554886945e-06,1.000459103056928534e+00,0.000000000000000000e+00
3.791143195824141559e-06,1.000459103056928534e+00,0.000000000000000000e+00
3.792110979093396173e-06,1.000459103056928534e+00,0.000000000000000000e+00
3.793078762362650788e-06,1.000459103056928534e+00,0.000000000000000000e+00
3.794046545631905402e-06,1.000459103056928534e+00,0.000000000000000000e+00
3.795014328901160017e-06,1.000459103056928534e+00,0.000000000000000000e+00
3.795982112170414631e-06,1.000459103056928534e+00,0.000000000000000000e+00
3.796949895439669245e-06,1.000459103056928534e+00,0.000000000000000000e+00
3.797917678708923860e-06,1.000459103056928534e+00,0.000000000000000000e+00
3.798885461978178474e-06,1.000459103056928534e+00,0.000000000000000000e+00
3.799853245247433088e-06,1.000459103056928534e+00,0.000000000000000000e+00
3.800821028516687703e-06,1.000459103056928534e+00,0.000000000000000000e+00
3.801788811785942317e-06,1.000459103056928534e+00,0.000000000000000000e+00
3.802756595055196931e-06,1.000459103056928534e+00,0.000000000000000000e+00
3.803724378324451546e-06,1.000459103056928534e+00,0.000000000000000000e+00
3.804692161593706160e-06,1.000459103056928534e+00,0.000000000000000000e+00
3.805659944862960774e-06,1.000459103056928534e+00,0.000000000000000000e+00
3.806627728132215389e-06,1.000459103056928534e+00,0.000000000000000000e+00
3.807595511401470003e-06,1.000459103056928534e+00,0.000000000000000000e+00
3.808563294670724617e-06,1.000459103056928534e+00,0.000000000000000000e+00
3.809531077939979232e-06,1.000459103056928534e+00,0.000000000000000000e+00
3.810498861209233846e-06,1.000459103056928534e+00,0.000000000000000000e+00
3.811466644478488460e-06,1.000459103056928534e+00,0.000000000000000000e+00
3.812434427747743075e-06,1.000459103056928534e+00,0.000000000000000000e+00
3.813402211016997689e-06,1.000459103056928534e+00,0.000000000000000000e+00
3.814369994286252303e-06,1.000459103056928534e+00,0.000000000000000000e+00
3.815337777555506918e-06,1.000459103056928534e+00,0.000000000000000000e+00
3.816305560824761109e-06,1.000459103056928534e+00,0.000000000000000000e+00
3.817273344094016146e-06,1.000459103056928534e+00,0.000000000000000000e+00
3.818241127363270337e-06,1.000459103056928534e+00,0.000000000000000000e+00
3.819208910632525375e-06,1.000459103056928534e+00,0.000000000000000000e+00
3.820176693901779566e-06,1.000459103056928534e+00,0.000000000000000000e+00
3.821144477171034604e-06,1.000459103056928534e+00,0.000000000000000000e+00
3.822112260440288795e-06,1.000459103056928534e+00,0.000000000000000000e+00
3.823080043709543833e-06,1.000459103056928534e+00,0.000000000000000000e+00
3.824047826978798023e-06,1.000459103056928534e+00,0.000000000000000000e+00
3.825015610248053061e-06,1.000459103056928534e+00,0.000000000000000000e+00
3.825983393517307252e-06,1.000459103056928534e+00,0.000000000000000000e+00
3.826951176786562290e-06,1.000459103056928534e+00,0.000000000000000000e+00
3.827918960055816481e-06,1.000459103056928534e+00,0.000000000000000000e+00
3.828886743325071519e-06,1.000459103056928534e+00,0.000000000000000000e+00
3.829854526594325709e-06,1.000459103056928534e+00,0.000000000000000000e+00
3.830822309863580747e-06,1.000459103056928534e+00,0.000000000000000000e+00
3.831790093132834938e-06,1.000459103056928534e+00,0.000000000000000000e+00
3.832757876402089976e-06,1.000459103056928534e+00,0.000000000000000000e+00
3.833725659671345014e-06,1.000459103056928534e+00,0.000000000000000000e+00
3.834693442940599205e-06,1.000459103056928534e+00,0.000000000000000000e+00
3.835661226209854243e-06,1.000459103056928534e+00,0.000000000000000000e+00
3.836629009479108433e-06,1.000459103056928534e+00,0.000000000000000000e+00
3.837596792748363471e-06,1.000459103056928534e+00,0.000000000000000000e+00
3.838564576017617662e-06,1.000459103056928534e+00,0.000000000000000000e+00
3.839532359286872700e-06,1.000459103056928534e+00,0.000000000000000000e+00
3.840500142556126891e-06,1.000459103056928534e+00,0.000000000000000000e+00
3.841467925825381929e-06,1.000459103056928534e+00,0.000000000000000000e+00
3.842435709094636119e-06,1.000459103056928534e+00,0.000000000000000000e+00
3.843403492363891157e-06,1.000459103056928534e+00,0.000000000000000000e+00
3.844371275633145348e-06,1.000459103056928534e+00,0.000000000000000000e+00
3.845339058902400386e-06,1.000459103056928534e+00,0.000000000000000000e+00
3.846306842171654577e-06,1.000459103056928534e+00,0.000000000000000000e+00
3.847274625440909615e-06,1.000459103056928534e+00,0.000000000000000000e+00
3.848242408710163806e-06,1.000459103056928534e+00,0.000000000000000000e+00
3.849210191979418843e-06,1.000459103056928534e+00,0.000000000000000000e+00
3.850177975248673034e-06,1.000459103056928534e+00,0.000000000000000000e+00
3.851145758517928072e-06,1.000459103056928534e+00,0.000000000000000000e+00
3.852113541787182263e-06,1.000459103056928534e+00,0.000000000000000000e+00
3.853081325056437301e-06,1.000459103056928534e+00,0.000000000000000000e+00
3.854049108325691492e-06,1.000459103056928534e+00,0.000000000000000000e+00
3.855016891594946530e-06,1.000459103056928534e+00,0.000000000000000000e+00
3.855984674864200720e-06,1.000459103056928534e+00,0.000000000000000000e+00
3.856952458133455758e-06,1.000459103056928534e+00,0.000000000000000000e+00
3.857920241402709949e-06,1.000459103056928534e+00,0.000000000000000000e+00
3.858888024671964987e-06,1.000459103056928534e+00,0.000000000000000000e+00
3.859855807941219178e-06,1.000459103056928534e+00,0.000000000000000000e+00
3.860823591210474216e-06,1.000459103056928534e+00,0.000000000000000000e+00
3.861791374479728406e-06,1.000459103056928534e+00,0.000000000000000000e+00
3.862759157748983444e-06,1.000459103056928534e+00,0.000000000000000000e+00
3.863726941018237635e-06,1.000459103056928534e+00,0.000000000000000000e+00
3.864694724287492673e-06,1.000459103056928534e+00,0.000000000000000000e+00
3.865662507556746864e-06,1.000459103056928534e+00,0.000000000000000000e+00
3.866630290826001902e-06,1.000459103056928534e+00,0.000000000000000000e+00
3.867598074095256092e-06,1.000459103056928534e+00,0.000000000000000000e+00
3.868565857364511130e-06,1.000459103056928534e+00,0.000000000000000000e+00
3.869533640633765321e-06,1.000459103056928534e+00,0.000000000000000000e+00
3.870501423903020359e-06,1.000459103056928534e+00,0.000000000000000000e+00
3.871469207172274550e-06,1.000459103056928534e+00,0.000000000000000000e+00
3.872436990441529588e-06,1.000459103056928534e+00,0.000000000000000000e+00
3.873404773710783779e-06,1.000459103056928534e+00,0.000000000000000000e+00
3.874372556980038816e-06,1.000459103056928534e+00,0.000000000000000000e+00
3.875340340249293854e-06,1.000459103056928534e+00,0.000000000000000000e+00
3.876308123518548045e-06,1.000459103056928534e+00,0.000000000000000000e+00
3.877275906787803083e-06,1.000459103056928534e+00,0.000000000000000000e+00
3.878243690057057274e-06,1.000459103056928534e+00,0.000000000000000000e+00
3.879211473326312312e-06,1.000459103056928534e+00,0.000000000000000000e+00
3.880179256595566503e-06,1.000459103056928534e+00,0.000000000000000000e+00
3.881147039864821540e-06,1.000459103056928534e+00,0.000000000000000000e+00
3.882114823134075731e-06,1.000459103056928534e+00,0.000000000000000000e+00
3.883082606403330769e-06,1.000459103056928534e+00,0.000000000000000000e+00
3.884050389672584960e-06,1.000459103056928534e+00,0.000000000000000000e+00
3.885018172941839998e-06,1.000459103056928534e+00,0.000000000000000000e+00
3.885985956211094189e-06,1.000459103056928534e+00,0.000000000000000000e+00
3.886953739480349226e-06,1.000459103056928534e+00,0.000000000000000000e+00
3.887921522749603417e-06,1.000459103056928534e+00,0.000000000000000000e+00
3.888889306018858455e-06,1.000459103056928534e+00,0.000000000000000000e+00
3.889857089288112646e-06,1.000459103056928534e+00,0.000000000000000000e+00
3.890824872557367684e-06,1.000459103056928534e+00,0.000000000000000000e+00
3.891792655826621875e-06,1.000459103056928534e+00,0.000000000000000000e+00
3.892760439095876913e-06,1.000459103056928534e+00,0.000000000000000000e+00
3.893728222365131103e-06,1.000459103056928534e+00,0.000000000000000000e+00
3.894696005634386141e-06,1.000459103056928534e+00,0.000000000000000000e+00
3.895663788903640332e-06,1.000459103056928534e+00,0.000000000000000000e+00
3.896631572172895370e-06,1.000459103056928534e+00,0.000000000000000000e+00
3.897599355442149561e-06,1.000459103056928534e+00,0.000000000000000000e+00
3.898567138711404599e-06,1.000459103056928534e+00,0.000000000000000000e+00
3.899534921980658789e-06,1.000459103056928534e+00,0.000000000000000000e+00
3.900502705249913827e-06,1.000459103056928534e+00,0.000000000000000000e+00
3.901470488519168018e-06,1.000459103056928534e+00,0.000000000000000000e+00
3.902438271788423056e-06,1.000459103056928534e+00,0.000000000000000000e+00
3.903406055057677247e-06,1.000459103056928534e+00,0.000000000000000000e+00
3.904373838326932285e-06,1.000459103056928534e+00,0.000000000000000000e+00
3.905341621596186476e-06,1.000459103056928534e+00,0.000000000000000000e+00
3.906309404865441513e-06,1.000459103056928534e+00,0.000000000000000000e+00
3.907277188134695704e-06,1.000459103056928534e+00,0.000000000000000000e+00
3.908244971403950742e-06,1.000459103056928534e+00,0.000000000000000000e+00
3.909212754673204933e-06,1.000459103056928534e+00,0.000000000000000000e+00
3.910180537942459971e-06,1.000459103056928534e+00,0.000000000000000000e+00
3.911148321211714162e-06,1.000459103056928534e+00,0.000000000000000000e+00
3.912116104480969199e-06,1.000459103056928534e+00,0.000000000000000000e+00
3.913083887750223390e-06,1.000459103056928534e+00,0.000000000000000000e+00
3.914051671019478428e-06,1.000459103056928534e+00,0.000000000000000000e+00
3.915019454288732619e-06,1.000459103056928534e+00,0.000000000000000000e+00
3.915987237557987657e-06,1.000459103056928534e+00,0.000000000000000000e+00
3.916955020827241848e-06,1.000459103056928534e+00,0.000000000000000000e+00
3.917922804096496886e-06,1.000459103056928534e+00,0.000000000000000000e+00
3.918890587365751076e-06,1.000459103056928534e+00,0.000000000000000000e+00
3.919858370635006114e-06,1.000459103056928534e+00,0.000000000000000000e+00
3.920826153904260305e-06,1.000459103056928534e+00,0.000000000000000000e+00
3.921793937173515343e-06,1.000459103056928534e+00,0.000000000000000000e+00
3.922761720442769534e-06,1.000459103056928534e+00,0.000000000000000000e+00
3.923729503712024572e-06,1.000459103056928534e+00,0.000000000000000000e+00
3.924697286981278762e-06,1.000459103056928534e+00,0.000000000000000000e+00
3.925665070250533800e-06,1.000459103056928534e+00,0.000000000000000000e+00
3.926632853519787991e-06,1.000459103056928534e+00,0.000000000000000000e+00
3.927600636789043029e-06,1.000459103056928534e+00,0.000000000000000000e+00
3.928568420058297220e-06,1.000459103056928534e+00,0.000000000000000000e+00
3.929536203327552258e-06,1.000459103056928534e+00,0.000000000000000000e+00
3.930503986596806449e-06,1.000459103056928534e+00,0.000000000000000000e+00
3.931471769866061486e-06,1.000459103056928534e+00,0.000000000000000000e+00
3.932439553135315677e-06,1.000459103056928534e+00,0.000000000000000000e+00
3.933407336404570715e-06,1.000459103056928534e+00,0.000000000000000000e+00
3.934375119673824906e-06,1.000459103056928534e+00,0.000000000000000000e+00
3.935342902943079944e-06,1.000459103056928534e+00,0.000000000000000000e+00
3.936310686212334135e-06,1.000459103056928534e+00,0.000000000000000000e+00
3.937278469481589172e-06,1.000459103056928534e+00,0.000000000000000000e+00
3.938246252750844210e-06,1.000459103056928534e+00,0.000000000000000000e+00
3.939214036020098401e-06,1.000459103056928534e+00,0.000000000000000000e+00
3.940181819289353439e-06,1.000459103056928534e+00,0.000000000000000000e+00
3.941149602558607630e-06,1.000459103056928534e+00,0.000000000000000000e+00
3.942117385827862668e-06,1.000459103056928534e+00,0.000000000000000000e+00
3.943085169097116859e-06,1.000459103056928534e+00,0.000000000000000000e+00
3.944052952366371896e-06,1.000459103056928534e+00,0.000000000000000000e+00
3.945020735635626087e-06,1.000459103056928534e+00,0.000000000000000000e+00
3.945988518904881125e-06,1.000459103056928534e+00,0.000000000000000000e+00
3.946956302174135316e-06,1.000459103056928534e+00,0.000000000000000000e+00
3.947924085443390354e-06,1.000459103056928534e+00,0.000000000000000000e+00
3.948891868712644545e-06,1.000459103056928534e+00,0.000000000000000000e+00
3.949859651981899582e-06,1.000459103056928534e+00,0.000000000000000000e+00
3.950827435251153773e-06,1.000459103056928534e+00,0.000000000000000000e+00
3.951795218520408811e-06,1.000459103056928534e+00,0.000000000000000000e+00
3.952763001789663002e-06,1.000459103056928534e+00,0.000000000000000000e+00
3.953730785058918040e-06,1.000459103056928534e+00,0.000000000000000000e+00
3.954698568328172231e-06,1.000459103056928534e+00,0.000000000000000000e+00
3.955666351597427269e-06,1.000459103056928534e+00,0.000000000000000000e+00
3.956634134866681459e-06,1.000459103056928534e+00,0.000000000000000000e+00
3.957601918135936497e-06,1.000459103056928534e+00,0.000000000000000000e+00
3.958569701405190688e-06,1.000459103056928534e+00,0.000000000000000000e+00
3.959537484674445726e-06,1.000459103056928534e+00,0.000000000000000000e+00
3.960505267943699917e-06,1.000459103056928534e+00,0.000000000000000000e+00
3.961473051212954955e-06,1.000459103056928534e+00,0.000000000000000000e+00
3.962440834482209145e-06,1.000459103056928534e+00,0.000000000000000000e+00
3.963408617751464183e-06,1.000459103056928534e+00,0.000000000000000000e+00
3.964376401020718374e-06,1.000459103056928534e+00,0.000000000000000000e+00
3.965344184289973412e-06,1.000459103056928534e+00,0.000000000000000000e+00
3.966311967559227603e-06,1.000459103056928534e+00,0.000000000000000000e+00
3.967279750828482641e-06,1.000459103056928534e+00,0.000000000000000000e+00
3.968247534097736832e-06,1.000459103056928534e+00,0.000000000000000000e+00
3.969215317366991869e-06,1.000459103056928534e+00,0.000000000000000000e+00
3.970183100636246060e-06,1.000459103056928534e+00,0.000000000000000000e+00
